County Name,Total Population,Population Density (Per Sq. Mile),Area (Land),Area Total:,Area (Land),Area (Water),Total Population: Male,Total Population: Female,Total Population Male: Under 5 Years,Total Population Male: 5 to 9 Years,Total Population Male: 10 to 14 Years,Total Population Male: 15 to 17 Years,Total Population Male: 18 to 24 Years,Total Population Male: 25 to 34 Years,Total Population Male: 35 to 44 Years,Total Population Male: 45 to 54 Years,Total Population Male: 55 to 64 Years,Total Population Male: 65 to 74 Years,Total Population Male: 75 to 84 Years,Total Population Male: 85 Years and Over,Total Population Female: Under 5 Years,Total Population Female: 5 to 9 Years,Total Population Female: 10 to 14 Years,Total Population Female: 15 to 17 Years,Total Population Female: 18 to 24 Years,Total Population Female: 25 to 34 Years,Total Population Female: 35 to 44 Years,Total Population Female: 45 to 54 Years,Total Population Female: 55 to 64 Years,Total Population Female: 65 to 74 Years,Total Population Female: 75 to 84 Years,Total Population Female: 85 Years and Over,Total Population: Under 5 Years,Total Population: 5 to 9 Years,Total Population: 10 to 14 Years,Total Population: 15 to 17 Years,Total Population: 18 to 24 Years,Total Population: 25 to 34 Years,Total Population: 35 to 44 Years,Total Population: 45 to 54 Years,Total Population: 55 to 64 Years,Total Population: 65 to 74 Years,Total Population: 75 to 84 Years,Total Population: 85 Years and Over,Total Population: Under 18 Years,Total Population: 18 to 34 Years,Total Population: 35 to 64 Years,Total Population: 65 and Over,Total Population Male: Under 18 Years,Total Population Male: 18 to 34 Years,Total Population Male: 35 to 64 Years,Total Population Male: 65 and Over,Total Population Female: Under 18 Years,Total Population Female: 18 to 34 Years,Total Population Female: 35 to 64 Years,Total Population Female: 65 and Over,Median Age Male Population,Median Age Female Population,Total Population Race: White Alone,Total Population Race: Black or African American Alone,Total Population Race: American Indian and Alaska Native Alone,Total Population Race: Asian Alone,Total Population Race: Native Hawaiian and Other Pacific Islander Alone,Total Population Race: Some Other Race Alone,Total Population Race: Two or More Races,Total Population Hispanic or Latino by Specific Origin: Mexican,Total Population Hispanic or Latino by Specific Origin: Puerto Rican,Total Population Hispanic or Latino by Specific Origin: Cuban,Total Population Hispanic or Latino by Specific Origin: Dominican Republic,Total Population Hispanic or Latino by Specific Origin: Costa Rican,Total Population Hispanic or Latino by Specific Origin: Guatemalan,Total Population Hispanic or Latino by Specific Origin: Honduran,Total Population Hispanic or Latino by Specific Origin: Nicaraguan,Total Population Hispanic or Latino by Specific Origin: Panamanian,Total Population Hispanic or Latino by Specific Origin: Salvadoran,Total Population Hispanic or Latino by Specific Origin: Other Central American,Total Population Hispanic or Latino by Specific Origin: Argentinean,Total Population Hispanic or Latino by Specific Origin: Bolivian,Total Population Hispanic or Latino by Specific Origin: Chilean,Total Population Hispanic or Latino by Specific Origin: Colombian,Total Population Hispanic or Latino by Specific Origin: Ecuadorian,Total Population Hispanic or Latino by Specific Origin: Paraguayan,Total Population Hispanic or Latino by Specific Origin: Peruvian,Total Population Hispanic or Latino by Specific Origin: Uruguayan,Total Population Hispanic or Latino by Specific Origin: Venezuelan,Total Population Hispanic or Latino by Specific Origin: Other South American,Total Population Hispanic or Latino by Specific Origin: Spaniard,Total Population Hispanic or Latino by Specific Origin: Spanish,Total Population Hispanic or Latino by Specific Origin: Spanish American,Total Population Hispanic or Latino by Specific Origin: All Other Hispanic or Latino,Total Population Asian by Specific Origin: Asian Indian,Total Population Asian by Specific Origin: Bangladeshi,Total Population Asian by Specific Origin: Bhutanese,Total Population Asian by Specific Origin: Burmese,Total Population Asian by Specific Origin: Cambodian,"Total Population Asian by Specific Origin: Chinese, Except Taiwanese",Total Population Asian by Specific Origin: Filipino,Total Population Asian by Specific Origin: Hmong,Total Population Asian by Specific Origin: Indonesian,Total Population Asian by Specific Origin: Japanese,Total Population Asian by Specific Origin: Korean,Total Population Asian by Specific Origin: Laotian,Total Population Asian by Specific Origin: Malaysian,Total Population Asian by Specific Origin: Mongolian,Total Population Asian by Specific Origin: Nepalese,Total Population Asian by Specific Origin: Okinawan,Total Population Asian by Specific Origin: Pakistani,Total Population Asian by Specific Origin: Sri Lankan,Total Population Asian by Specific Origin: Taiwanese,Total Population Asian by Specific Origin: Thai,Total Population Asian by Specific Origin: Vietnamese,"Total Population Asian by Specific Origin: Other Asian, Specified","Total Population Asian by Specific Origin: Other Asian, Not Specified",Total Population Asian by Specific Origin: Two or More Asian,Educational Attainment for Population 25 Years and Over: Less than High School,Educational Attainment for Population 25 Years and Over: High School Graduate (Includes Equivalency),Educational Attainment for Population 25 Years and Over: Some College,Educational Attainment for Population 25 Years and Over: Bachelor's Degree,Educational Attainment for Population 25 Years and Over: Master's Degree,Educational Attainment for Population 25 Years and Over: Professional School Degree,Educational Attainment for Population 25 Years and Over: Doctorate Degree,Educational Attainment for Male Population 25 Years and Over: Less than High School,Educational Attainment for Male Population 25 Years and Over: High School Graduate (Includes Equivalency),Educational Attainment for Male Population 25 Years and Over: Some College,Educational Attainment for Male Population 25 Years and Over: Bachelor's Degree,Educational Attainment for Male Population 25 Years and Over: Master's Degree,Educational Attainment for Male Population 25 Years and Over: Professional School Degree,Educational Attainment for Male Population 25 Years and Over: Doctorate Degree,Educational Attainment for Female Population 25 Years and Over: Less than High School,Educational Attainment for Female Population 25 Years and Over: High School Graduate (Includes Equivalency),Educational Attainment for Female Population 25 Years and Over: Some College,Educational Attainment for Female Population 25 Years and Over: Bachelor's Degree,Educational Attainment for Female Population 25 Years and Over: Master's Degree,Educational Attainment for Female Population 25 Years and Over: Professional School Degree,Educational Attainment for Female Population 25 Years and Over: Doctorate Degree,Employment Status for Total Population 16 Years and Over: In Labor Force:,Employment Status for Total Population 16 Years and Over: Not in Labor Force,Employment Status for Male Population 16 Years and Over: In Labor Force:,Employment Status for Male Population 16 Years and Over: Not in Labor Force,Employment Status for Female Population 16 Years and Over: In Labor Force:,Employment Status for Female Population 16 Years and Over: Not in Labor Force,Per Capita Income (In 2021 Inflation Adjusted Dollars),Per Capita Income (In 2021 Inflation Adjusted Dollars) (American Indian and Alaska Native Alone),Per Capita Income (In 2021 Inflation Adjusted Dollars) (Asian Alone),SE:A14024F. Per Capita Income (In 2021 Inflation Adjusted Dollars) (Some Other Race Alone),Per Capita Income (In 2021 Inflation Adjusted Dollars) (Two or More Races),Per Capita Income (In 2021 Inflation Adjusted Dollars) (Hispanic or Latino),"Per Capita Income (In 2021 Inflation Adjusted Dollars) (White Alone, Not Hispanic or Latino)",Gini Index of Income Inequality,Gross Rent (Housing Units with Cash Rent):Less than $300,Gross Rent (Housing Units with Cash Rent):$300 to $599,Gross Rent (Housing Units with Cash Rent):$600 to $799,Gross Rent (Housing Units with Cash Rent):$800 to $999,"Gross Rent (Housing Units with Cash Rent):$1,000 to $1,249","Gross Rent (Housing Units with Cash Rent):$1,250 to $1,499","Gross Rent (Housing Units with Cash Rent):$1,500 to $1,999","Gross Rent (Housing Units with Cash Rent):$2,000 or More",Gross Rent as a Percentage of Household Income in the Past 12 Months (Dollars):Less than 10 Percent,Gross Rent as a Percentage of Household Income in the Past 12 Months (Dollars):10 to 29 Percent,Gross Rent as a Percentage of Household Income in the Past 12 Months (Dollars):30 to 49 Percent,Gross Rent as a Percentage of Household Income in the Past 12 Months (Dollars):50 Percent or More,Gross Rent as a Percentage of Household Income in the Past 12 Months (Dollars):Not Computed,Average Gross Rent for Renter-Occupied Housing Units
"Adams County, Illinois","65,878",77,855.15,871.27,855.15,16.12,"32,414","33,464","2,030","2,148","2,292","1,186","2,448","4,127","3,809","3,830","4,646","3,314","1,972",612,"1,937","2,206","2,007","1,190","2,452","3,994","3,840","3,886","4,697","3,789","2,142","1,324","3,967","4,354","4,299","2,376","4,900","8,121","7,649","7,716","9,343","7,103","4,114","1,936","14,996","13,021","24,708","13,153","7,656","6,575","12,285","5,898","7,340","6,446","12,423","7,255",39.8,42.6,"60,689","2,615",51,420,8,153,"1,942",637,213,12,49,0,0,18,0,0,9,0,0,0,0,17,5,0,0,0,29,0,1,83,0,73,101,0,0,0,0,57,139,0,19,0,58,5,0,0,0,0,6,0,0,0,18,0,0,17,"3,475","16,058","14,639","7,837","3,209",518,246,"1,886","8,564","6,497","3,630","1,236",379,118,"1,589","7,494","8,142","4,207","1,973",139,128,"34,502","18,196","17,576","8,076","16,926","10,120","$19,266","$21,198","$54,467","$52,365","$17,533","$21,400","$33,305",0.44,490,"1,895","1,904","1,504",653,234,213,172,383,"3,691","1,679","1,229",625,$729
"Alexander County, Illinois","5,488",23.3,235.39,252.63,235.39,17.24,"2,652","2,836",134,248,191,41,191,297,251,299,444,382,138,36,105,156,291,80,232,206,292,346,451,393,232,52,239,404,482,121,423,503,543,645,895,775,370,88,"1,246",926,"2,083","1,233",614,488,994,556,632,438,"1,089",677,43.3,47.5,"3,502","1,836",4,1,22,0,123,37,3,0,0,0,22,0,0,0,0,0,0,0,0,0,0,0,0,0,0,0,0,0,0,0,0,0,0,0,0,0,0,0,0,1,0,0,0,0,0,0,0,0,0,0,0,0,0,0,527,"1,441","1,383",303,108,57,0,282,725,555,173,62,50,0,245,716,828,130,46,7,0,"1,882","2,463","1,027","1,052",855,"1,411","$15,951",,,,"$17,661","$6,182","$22,856",0.47,84,74,94,100,7,1,3,0,27,218,77,39,74,$499
"Bond County, Illinois","16,804",44.2,380.34,382.83,380.34,2.5,"8,877","7,927",346,513,485,323,993,"1,135","1,219","1,150","1,295",887,408,123,335,316,520,298,706,896,"1,005",900,"1,225",917,427,382,681,829,"1,005",621,"1,699","2,031","2,224","2,050","2,520","1,804",835,505,"3,136","3,730","6,794","3,144","1,667","2,128","3,664","1,418","1,469","1,602","3,130","1,726",40.1,43.4,"15,120","1,184",112,165,0,36,187,403,79,22,0,0,13,0,0,1,0,0,0,0,0,0,12,0,3,0,0,0,6,24,0,67,9,0,0,0,0,3,81,0,0,0,0,0,0,0,0,0,72,0,0,0,0,0,0,0,"1,345","3,916","4,174","1,523",802,55,154,889,"2,220","1,911",723,331,26,117,456,"1,696","2,263",800,471,29,37,"7,272","6,837","3,683","3,755","3,589","3,082","$12,126","$10,745",$916,"$2,911","$18,476","$13,201","$29,580",0.45,132,436,496,110,70,15,21,36,75,603,293,340,174,$629
"Boone County, Illinois","53,592",190.9,280.74,282.04,280.74,1.3,"26,786","26,806","1,453","1,591","2,255","1,374","2,565","2,830","3,321","3,784","3,528","2,631","1,094",360,"1,449","1,389","2,355","1,340","2,408","3,004","3,182","3,745","3,423","2,662","1,217",632,"2,902","2,980","4,610","2,714","4,973","5,834","6,503","7,529","6,951","5,293","2,311",992,"13,206","10,807","20,983","8,596","6,673","5,395","10,633","4,085","6,533","5,412","10,350","4,511",38.4,39.2,"44,895","1,437",160,523,0,"4,200","2,377","10,974",457,114,0,0,142,0,0,0,20,0,98,29,0,0,42,0,92,0,0,0,78,77,0,100,39,0,0,0,0,99,109,0,0,0,86,84,0,0,0,0,0,0,0,54,13,0,16,23,"4,575","11,504","10,539","5,351","2,415",798,231,"2,510","5,730","5,242","2,463",948,545,110,"2,065","5,774","5,297","2,888","1,467",253,121,"28,345","13,779","15,190","5,665","13,155","8,114","$35,816","$13,511","$59,377","$17,623","$37,323","$21,964","$37,769",0.42,177,572,411,539,540,481,429,40,118,"1,443",990,569,187,$963
"Brown County, Illinois","6,330",20.7,305.73,307.33,305.73,1.6,"4,067","2,263",157,205,164,61,455,899,729,548,424,252,103,70,142,107,166,101,148,266,293,272,302,255,143,68,299,312,330,162,603,"1,165","1,022",820,726,507,246,138,"1,103","1,768","2,568",891,587,"1,354","1,701",425,516,414,867,466,36.3,40,"4,876","1,174",39,3,0,135,103,337,22,0,8,0,18,0,31,0,1,0,0,0,0,0,0,0,0,0,0,0,0,0,0,19,0,0,0,0,3,0,0,0,0,0,0,0,0,0,0,0,0,0,0,0,0,0,0,0,893,"1,770","1,360",491,91,9,10,714,"1,192",774,286,40,9,10,179,578,586,205,51,0,0,"2,404","2,981","1,243","2,298","1,161",683,"$2,218",,,"$10,299","$11,253","$11,854","$30,490",0.4,62,185,95,56,51,19,2,0,62,264,107,28,65,$568
"Bureau County, Illinois","33,338",38.4,869.07,873.52,869.07,4.45,"16,417","16,921",855,868,"1,241",629,"1,223","1,838","1,937","2,144","2,433","1,936","1,014",299,838,960,"1,008",745,"1,261","1,742","1,837","2,056","2,494","2,106","1,379",495,"1,693","1,828","2,249","1,374","2,484","3,580","3,774","4,200","4,927","4,042","2,393",794,"7,144","6,064","12,901","7,229","3,593","3,061","6,514","3,249","3,551","3,003","6,387","3,980",42.7,45.3,"30,452",189,66,298,0,"1,307","1,026","2,958",125,0,0,0,0,0,0,0,0,0,0,0,0,19,0,0,0,0,1,0,28,14,2,35,48,0,0,0,0,31,124,17,0,3,34,3,0,0,0,0,0,0,0,4,10,3,7,14,"2,230","8,420","8,217","3,162","1,224",311,146,"1,135","4,544","3,813","1,426",425,180,78,"1,095","3,876","4,404","1,736",799,131,68,"16,877","10,110","9,028","4,190","7,849","5,920","$27,561","$44,988","$28,827","$15,635","$25,137","$20,193","$33,274",0.42,164,883,724,753,347,96,53,64,142,"1,618",726,575,375,$701
"Calhoun County, Illinois","4,537",17.9,253.83,283.58,253.83,29.75,"2,334","2,203",108,101,185,89,147,242,241,310,403,303,180,25,105,96,170,63,144,187,228,289,364,279,152,126,213,197,355,152,291,429,469,599,767,582,332,151,917,720,"1,835","1,065",483,389,954,508,434,331,881,557,48,49.4,"4,357",29,14,2,0,0,135,8,16,0,9,0,0,0,0,0,0,0,0,0,0,0,0,0,0,0,0,0,0,0,0,0,0,0,0,0,0,0,0,0,0,0,0,0,0,0,0,0,2,0,0,0,0,0,0,0,241,"1,352","1,159",371,176,21,9,137,744,632,125,63,2,1,104,608,527,246,113,19,8,"1,854","1,900",911,"1,014",943,886,"$7,262","$59,493",,,"$34,607","$20,794","$30,586",0.4,1,33,33,8,1,0,0,0,22,20,11,23,37,$415
"Carroll County, Illinois","15,586",35,445.41,466.98,445.41,21.58,"7,842","7,744",380,492,387,306,568,823,850,940,"1,212","1,138",595,151,379,372,481,248,579,718,837,894,"1,201","1,111",627,297,759,864,868,554,"1,147","1,541","1,687","1,834","2,413","2,249","1,222",448,"3,045","2,688","5,934","3,919","1,565","1,391","3,002","1,884","1,480","1,297","2,932","2,035",46.9,47.6,"14,248",468,44,119,0,79,628,393,33,16,0,0,0,8,0,0,0,0,0,0,0,4,0,0,0,0,0,0,11,0,0,161,34,0,0,0,0,4,26,0,0,21,2,0,0,0,0,0,18,0,2,0,2,0,10,0,"1,376","4,128","3,627","1,636",493,71,63,767,"2,192","1,741",741,173,61,34,609,"1,936","1,886",895,320,10,29,"6,829","6,105","3,522","2,946","3,307","3,159","$5,739","$27,918","$22,535","$15,310","$9,510","$11,984","$30,685",0.42,23,382,294,229,134,24,29,0,82,551,373,100,248,$603
"Cass County, Illinois","13,058",34.8,375.75,383.7,375.75,7.94,"6,562","6,496",320,500,537,308,604,785,810,791,879,649,253,126,464,419,430,233,480,800,807,750,869,673,354,217,784,919,967,541,"1,084","1,585","1,617","1,541","1,748","1,322",607,343,"3,211","2,669","4,906","2,272","1,665","1,389","2,480","1,028","1,546","1,280","2,426","1,244",37,39.7,"11,075",451,108,89,91,545,699,"1,691",326,88,79,0,64,135,0,57,98,0,0,0,0,5,0,0,0,32,0,0,0,0,0,0,0,0,0,44,0,0,45,0,0,0,0,0,0,0,0,0,0,0,0,0,0,0,0,0,"1,320","3,660","2,184","1,195",337,40,27,755,"1,951",999,448,124,4,12,565,"1,709","1,185",747,213,36,15,"6,316","3,952","3,488","1,659","2,828","2,293","$17,311","$17,949","$17,571","$17,150","$16,963","$18,027","$30,431",0.4,123,301,275,205,75,18,0,0,126,644,145,79,109,$596
"Champaign County, Illinois","206,583",207.4,996.1,998.46,996.1,2.36,"103,293","103,290","5,698","5,378","5,689","3,631","24,406","14,782","11,616","9,863","10,408","7,569","3,051","1,202","5,407","4,922","5,731","3,029","22,326","14,064","11,723","10,083","11,203","8,556","4,231","2,015","11,105","10,300","11,420","6,660","46,732","28,846","23,339","19,946","21,611","16,125","7,282","3,217","39,485","75,578","64,896","26,624","20,396","39,188","31,887","11,822","19,089","36,390","33,009","14,802",29.2,32.1,"144,522","26,996",170,"22,204",115,"2,280","10,296","8,224","1,208",130,64,59,642,89,0,18,120,0,41,82,130,385,79,5,364,0,96,0,452,204,0,549,"4,895",143,0,85,20,"9,069","1,656",8,93,452,"2,503",231,20,94,109,0,338,32,475,520,"1,099",89,13,260,"6,294","25,720","33,614","24,846","18,531","3,656","7,705","3,249","13,146","15,495","11,687","7,738","2,026","5,150","3,045","12,574","18,119","13,159","10,793","1,630","2,555","105,742","65,755","54,985","30,453","50,757","35,302","$20,031","$36,379","$28,405","$26,725","$20,317","$18,441","$38,300",0.5,448,"3,770","8,459","10,058","6,987","3,593","2,619","1,319","1,336","14,786","8,039","9,746","4,243",$994
"Christian County, Illinois","34,038",48,709.49,715.76,709.49,6.27,"17,451","16,587","1,041","1,039",964,646,"1,410","2,226","2,274","2,306","2,609","1,736",889,311,868,"1,188",884,591,"1,146","1,798","1,828","2,087","2,503","1,928","1,259",507,"1,909","2,227","1,848","1,237","2,556","4,024","4,102","4,393","5,112","3,664","2,148",818,"7,221","6,580","13,607","6,630","3,690","3,636","7,189","2,936","3,531","2,944","6,418","3,694",41.2,44.9,"32,640",555,40,251,19,28,505,406,44,0,0,0,49,4,0,0,17,0,17,0,0,4,0,0,0,0,0,0,0,0,0,24,0,0,0,0,30,69,10,0,0,2,15,10,0,0,0,0,0,0,0,0,115,0,0,0,"2,569","10,141","7,138","3,268",958,124,63,"1,681","4,973","3,658","1,556",339,111,33,888,"5,168","3,480","1,712",619,13,30,"15,364","12,297","7,883","6,307","7,481","5,990","$5,142","$24,825","$15,259",,"$15,159","$13,673","$29,427",0.43,278,656,"1,107",559,168,34,30,71,207,"1,469",529,564,538,$638
"Clark County, Illinois","15,587",31.1,501.37,504.76,501.37,3.39,"7,765","7,822",470,500,567,335,563,860,898,"1,003","1,224",816,385,144,423,539,450,336,536,853,878,999,"1,111",885,488,324,893,"1,039","1,017",671,"1,099","1,713","1,776","2,002","2,335","1,701",873,468,"3,620","2,812","6,113","3,042","1,872","1,423","3,125","1,345","1,748","1,389","2,988","1,697",39.6,42.9,"15,042",118,9,77,0,8,333,253,0,0,0,0,3,0,0,0,0,0,0,0,0,0,0,0,0,0,0,0,0,0,0,0,14,0,0,0,0,0,57,0,0,0,0,0,0,0,0,0,0,0,0,0,1,0,0,5,756,"4,057","3,517","1,661",752,50,75,393,"2,104","1,791",673,326,12,31,363,"1,953","1,726",988,426,38,44,"7,602","4,743","4,145","1,922","3,457","2,821",,,"$48,719",,"$11,472","$22,938","$32,746",0.39,101,266,318,315,35,62,0,36,84,577,206,266,142,$724
"Clay County, Illinois","13,313",28.4,468.35,469.53,468.35,1.18,"6,645","6,668",388,454,428,294,454,778,783,852,977,796,306,135,355,330,550,265,485,740,775,753,937,777,426,275,743,784,978,559,939,"1,518","1,558","1,605","1,914","1,573",732,410,"3,064","2,457","5,077","2,715","1,564","1,232","2,612","1,237","1,500","1,225","2,465","1,478",42.4,41.8,"12,741",67,94,18,0,27,366,12,10,0,0,0,0,0,0,0,0,0,0,0,0,0,0,0,0,0,0,0,0,0,0,2,0,0,0,0,0,0,16,0,0,0,0,0,0,0,0,0,0,2,0,0,0,0,0,0,"1,082","3,647","3,200",841,311,153,76,532,"1,987","1,429",341,157,122,59,550,"1,660","1,771",500,154,31,17,"6,255","4,389","3,319","1,985","2,936","2,404","$9,770","$50,820","$39,683","$16,811","$17,628","$6,746","$31,161",0.45,84,280,472,147,67,2,3,0,34,651,225,122,184,$565
"Clinton County, Illinois","37,048",78.2,473.94,503.14,473.94,29.2,"19,318","17,730","1,115","1,286",987,695,"1,521","2,466","2,738","2,751","2,868","1,730",837,324,974,"1,005","1,191",682,"1,200","2,119","2,235","2,222","2,710","1,830","1,103",459,"2,089","2,291","2,178","1,377","2,721","4,585","4,973","4,973","5,578","3,560","1,940",783,"7,935","7,306","15,524","6,283","4,083","3,987","8,357","2,891","3,852","3,319","7,167","3,392",39.6,42.9,"34,097","1,246",12,237,0,178,"1,278",862,31,15,40,0,48,106,0,5,0,0,0,0,0,0,0,0,0,0,0,0,20,53,0,11,0,0,0,0,0,4,150,0,0,1,54,0,0,0,0,0,0,0,0,22,2,0,0,4,"2,297","8,620","9,382","4,359","1,419",198,117,"1,528","4,821","4,853","1,786",586,69,71,769,"3,799","4,529","2,573",833,129,46,"19,012","11,133","10,000","5,739","9,012","5,394","$13,277","$74,558","$21,116","$4,477","$21,960","$41,568","$36,829",0.42,67,475,774,493,421,287,197,41,257,"1,368",564,492,208,$890
"Coles County, Illinois","47,542",93.5,508.27,510.07,508.27,1.8,"23,096","24,446","1,195","1,195","1,295",743,"3,894","2,898","2,679","2,582","3,068","2,228",812,507,"1,085","1,047","1,395",691,"4,477","3,114","2,469","2,537","3,085","2,441","1,347",758,"2,280","2,242","2,690","1,434","8,371","6,012","5,148","5,119","6,153","4,669","2,159","1,265","8,646","14,383","16,420","8,093","4,428","6,792","8,329","3,547","4,218","7,591","8,091","4,546",36.5,36.7,"43,565","1,855",57,528,3,268,"1,266","1,009",158,24,0,0,5,0,0,57,4,0,0,0,0,20,0,0,0,0,21,0,0,0,0,46,195,0,0,0,7,93,201,0,0,10,0,0,11,0,0,0,0,0,0,0,11,0,0,0,"2,465","9,852","10,352","4,801","2,165",420,470,"1,361","5,073","4,844","2,146",820,252,278,"1,104","4,779","5,508","2,655","1,345",168,192,"25,297","14,631","12,926","6,287","12,371","8,344","$13,463","$15,844","$36,012","$19,301","$11,047","$12,689","$32,437",0.5,488,"2,116","2,299","1,693",868,162,166,27,452,"3,605","1,842","1,759",429,$712
"Cook County, Illinois","5,265,398","5,572.30",944.93,"1,634.63",944.93,689.71,"2,570,478","2,694,920","159,574","157,492","170,388","99,382","226,748","420,418","362,047","327,450","315,237","208,171","90,703","32,868","152,834","152,619","162,861","96,497","230,610","423,943","362,135","333,551","337,333","247,376","127,792","67,369","312,408","310,111","333,249","195,879","457,358","844,361","724,182","661,001","652,570","455,547","218,495","100,237","1,151,647","1,301,719","2,037,753","774,279","586,836","647,166","1,004,734","331,742","564,811","654,553","1,033,019","442,537",36.3,38.3,"2,740,032","1,211,240","22,867","396,831","2,068","523,543","368,817","1,032,889","138,664","15,795","5,464","1,551","28,659","9,780","2,288","1,755","10,962",581,"3,887","1,884","2,155","16,959","26,819",279,"9,806",620,"5,704",645,"8,495","4,803",123,"16,382","122,339","1,053",51,"1,591","1,970","81,194","71,743",308,541,"11,438","37,061",938,724,"4,015","1,557",0,"21,738",476,"2,517","5,988","17,615","1,656","2,050","8,268","439,740","820,019","906,703","869,960","439,038","119,333","61,600","220,992","413,778","423,818","417,772","183,844","63,850","32,840","218,748","406,241","482,885","452,188","255,194","55,483","28,760","2,809,310","1,434,949","1,460,950","588,985","1,348,360","845,964","$26,409","$25,508","$48,565","$22,051","$28,376","$23,423","$60,411",0.51,"32,140","45,431","63,311","128,560","176,911","122,149","152,553","121,109","36,410","390,120","187,346","202,364","53,275","$1,304"
"Crawford County, Illinois","18,825",42.4,443.64,445.86,443.64,2.22,"10,107","8,718",495,553,522,322,772,"1,481","1,532","1,360","1,479",993,500,98,462,559,458,338,563,"1,019",996,"1,053","1,294","1,070",546,360,957,"1,112",980,660,"1,335","2,500","2,528","2,413","2,773","2,063","1,046",458,"3,709","3,835","7,714","3,567","1,892","2,253","4,371","1,591","1,817","1,582","3,343","1,976",40.7,44.6,"17,322",988,39,75,0,74,327,286,87,16,0,0,6,0,0,0,0,0,0,0,1,2,0,0,0,0,0,0,0,11,0,38,62,0,0,0,0,2,4,0,0,0,0,0,0,0,0,0,0,0,0,0,7,0,0,0,"1,886","3,985","5,527","1,524",720,61,78,"1,308","2,242","2,837",680,279,59,38,578,"1,743","2,690",844,441,2,40,"8,250","7,357","4,286","4,132","3,964","3,225","$1,451","$20,810","$227,716","$14,511","$31,748","$12,133","$30,990",0.46,115,392,517,240,103,44,34,0,119,755,262,304,218,$606
"Cumberland County, Illinois","10,528",30.4,345.94,346.92,345.94,0.98,"5,369","5,159",351,318,393,210,343,634,664,660,796,625,243,132,297,328,309,198,362,571,612,625,764,595,274,224,648,646,702,408,705,"1,205","1,276","1,285","1,560","1,220",517,356,"2,404","1,910","4,121","2,093","1,272",977,"2,120","1,000","1,132",933,"2,001","1,093",41.9,43.4,"10,148",12,0,22,0,95,251,105,3,0,0,0,0,0,0,7,0,0,0,0,0,0,0,0,0,0,0,0,0,0,0,0,0,0,0,0,0,7,15,0,0,0,0,0,0,0,0,0,0,0,0,0,0,0,0,0,525,"2,890","2,581",980,370,40,33,268,"1,580","1,303",494,71,20,18,257,"1,310","1,278",486,299,20,15,"5,644","2,769","2,989","1,258","2,655","1,511",,,"$56,495","$20,951","$14,511","$13,828","$31,881",0.39,25,207,210,151,69,0,0,0,128,400,86,44,138,$581
"DeKalb County, Illinois","100,922",159.9,631.34,634.64,631.34,3.31,"50,067","50,855","2,919","2,998","3,226","1,969","9,577","6,841","5,829","5,404","5,521","3,726","1,550",507,"2,856","2,630","3,497","1,790","9,668","6,675","5,796","5,299","5,665","4,038","1,952",989,"5,775","5,628","6,723","3,759","19,245","13,516","11,625","10,703","11,186","7,764","3,502","1,496","21,885","32,761","33,514","12,762","11,112","16,418","16,754","5,783","10,773","16,343","16,760","6,979",30.7,32.3,"81,826","7,964",200,"2,311",26,"3,859","4,736","8,893","1,284",270,0,22,42,20,12,0,52,0,4,0,148,602,117,0,25,0,0,0,170,13,0,235,514,0,0,26,18,750,421,0,36,53,103,50,48,0,103,0,52,0,5,7,21,4,35,65,"4,404","15,101","20,443","12,193","5,903",768,980,"2,597","7,661","9,681","5,959","2,376",482,622,"1,807","7,440","10,762","6,234","3,527",286,358,"55,973","25,441","28,920","11,342","27,053","14,099","$16,177","$19,737","$25,362","$20,774","$18,915","$20,417","$35,602",0.44,212,"1,508","3,445","3,760","3,291","1,607","1,533",652,445,"6,904","3,518","4,341","1,234","$1,007"
"De Witt County, Illinois","15,653",39.4,397.56,405.09,397.56,7.53,"7,851","7,802",408,494,450,308,566,889,962,"1,168","1,261",832,414,99,459,358,556,332,512,829,922,"1,004","1,196",904,503,227,867,852,"1,006",640,"1,078","1,718","1,884","2,172","2,457","1,736",917,326,"3,365","2,796","6,513","2,979","1,660","1,455","3,391","1,345","1,705","1,341","3,122","1,634",43.6,44.6,"15,007",176,56,4,0,48,362,338,86,0,0,0,11,0,0,0,0,0,0,0,0,0,0,0,0,0,0,0,17,0,0,13,2,0,0,0,0,1,1,0,0,0,0,0,0,0,0,0,0,0,0,0,0,0,0,0,771,"4,709","3,386","1,606",539,132,67,464,"2,720","1,501",684,121,94,41,307,"1,989","1,885",922,418,38,26,"8,148","4,624","4,391","2,066","3,757","2,558","$8,921","$32,970","$30,400","$29,883","$17,764","$33,613","$32,769",0.42,123,395,318,446,127,80,7,0,109,684,482,160,127,$686
"Douglas County, Illinois","19,708",47.3,416.65,417.21,416.65,0.56,"9,777","9,931",661,491,859,428,879,"1,192","1,228","1,095","1,337",959,408,240,663,622,738,457,768,"1,203","1,129","1,105","1,285","1,022",622,317,"1,324","1,113","1,597",885,"1,647","2,395","2,357","2,200","2,622","1,981","1,030",557,"4,919","4,042","7,179","3,568","2,439","2,071","3,660","1,607","2,480","1,971","3,519","1,961",37.4,39.3,"18,417",177,101,99,15,151,748,"1,325",15,0,0,0,43,0,0,0,1,0,0,0,0,19,0,0,0,0,0,0,10,18,0,35,29,0,0,0,0,0,39,0,0,9,0,0,0,0,0,0,22,0,0,0,0,0,0,0,"2,118","4,501","4,012","1,784",548,106,73,"1,084","2,390","1,943",799,166,58,19,"1,034","2,111","2,069",985,382,48,54,"10,003","5,427","5,661","1,999","4,342","3,428","$16,511","$12,954","$24,092","$22,956","$20,265","$23,488","$30,661",0.41,19,403,568,334,220,21,10,8,86,758,375,334,193,$697
"DuPage County, Illinois","934,094","2,849.60",327.8,336.39,327.8,8.59,"461,851","472,243","27,621","30,225","31,199","19,903","40,261","58,744","62,539","61,530","63,873","42,471","17,699","5,786","26,398","28,786","29,559","19,010","38,967","57,143","61,251","63,101","67,098","46,530","22,886","11,514","54,019","59,011","60,758","38,913","79,228","115,887","123,790","124,631","130,971","89,001","40,585","17,300","212,701","195,115","379,392","146,886","108,948","99,005","187,942","65,956","103,753","96,110","191,450","80,930",38.6,40.8,"677,738","45,922","2,202","114,491",375,"37,323","56,043","101,770","10,035","3,119",467,207,"5,224",404,324,240,539,0,861,191,417,"2,843","1,447",0,"1,201",250,"1,129",30,"1,413","1,051",35,"2,712","57,157",409,174,"1,682",583,"13,433","16,182",137,93,"1,412","4,604",393,56,173,257,0,"7,933",203,999,787,"4,024","1,037","1,295","1,468","41,827","116,233","158,756","195,225","95,626","21,972","12,526","21,280","55,303","75,370","96,301","44,723","12,537","7,128","20,547","60,930","83,386","98,924","50,903","9,435","5,398","516,564","230,873","277,089","89,026","239,475","141,847","$31,607","$31,114","$49,955","$24,054","$29,387","$26,989","$57,855",0.45,"1,047","2,667","1,857","6,858","19,245","18,410","25,634","14,567","3,523","46,595","20,134","18,539","4,258","$1,475"
"Edgar County, Illinois","16,998",27.3,623.32,623.93,623.32,0.6,"8,432","8,566",429,387,570,353,597,971,"1,043","1,088","1,302","1,062",514,116,405,361,543,329,578,883,"1,001","1,014","1,354","1,102",646,350,834,748,"1,113",682,"1,175","1,854","2,044","2,102","2,656","2,164","1,160",466,"3,377","3,029","6,802","3,790","1,739","1,568","3,433","1,692","1,638","1,461","3,369","2,098",43.8,46.8,"16,455",91,23,72,3,141,213,181,0,0,0,0,0,0,0,0,0,0,0,0,0,0,0,0,0,0,0,0,5,0,0,33,8,0,0,0,0,9,34,0,0,18,3,0,0,0,0,0,0,0,0,0,0,0,0,0,"1,493","4,796","3,887","1,620",533,76,41,780,"2,483","1,845",623,273,70,22,713,"2,313","2,042",997,260,6,19,"8,249","5,922","4,323","2,663","3,926","3,259","$16,667",,"$19,724","$16,918","$26,476","$22,500","$29,482",0.41,142,517,780,198,100,122,0,12,37,979,440,339,300,$621
"Edwards County, Illinois","6,233",28,222.4,222.7,222.4,0.3,"3,079","3,154",163,248,146,139,208,316,367,410,501,361,179,41,188,206,200,126,192,305,366,385,450,392,188,156,351,454,346,265,400,621,733,795,951,753,367,197,"1,416","1,021","2,479","1,317",696,524,"1,278",581,720,497,"1,201",736,43.4,44.9,"6,000",12,35,21,0,8,157,16,11,4,11,0,41,0,0,0,0,0,0,0,0,0,0,0,0,0,0,0,0,0,0,0,0,0,0,0,0,2,0,0,0,0,13,0,0,0,0,0,0,0,0,0,6,0,0,0,347,"1,520","1,961",441,115,8,25,203,738,987,193,46,2,6,144,782,974,248,69,6,19,"2,964","2,062","1,632",852,"1,332","1,210",,,"$28,181",,"$22,508","$7,173","$28,844",0.39,33,174,160,91,3,2,0,0,52,210,177,22,81,$523
"Effingham County, Illinois","34,576",72.2,478.77,479.99,478.77,1.23,"17,305","17,271","1,124","1,105","1,290",740,"1,309","2,375","2,124","2,031","2,485","1,678",696,348,"1,126","1,127","1,158",654,"1,224","2,184","1,949","1,992","2,523","1,760",928,646,"2,250","2,232","2,448","1,394","2,533","4,559","4,073","4,023","5,008","3,438","1,624",994,"8,324","7,092","13,104","6,056","4,259","3,684","6,640","2,722","4,065","3,408","6,464","3,334",38,40.4,"33,377",193,37,204,0,267,498,581,41,0,0,0,0,0,0,15,21,0,0,0,0,0,0,0,0,0,77,0,0,4,0,21,37,0,0,0,0,81,50,0,0,0,0,0,0,0,0,0,0,0,0,23,13,0,0,0,"1,631","7,783","8,827","3,731","1,189",427,131,677,"4,146","4,291","1,876",475,229,43,954,"3,637","4,536","1,855",714,198,88,"18,122","8,998","9,779","3,745","8,343","5,253","$16,253","$22,938","$26,176","$12,349","$25,481","$15,541","$35,142",0.44,170,"1,083",808,597,176,92,65,0,323,"1,732",548,365,317,$640
"Fayette County, Illinois","21,514",30,716.44,725.29,716.44,8.85,"11,408","10,106",702,551,692,403,"1,000","1,441","1,476","1,536","1,697","1,143",505,262,557,659,616,390,686,"1,168","1,141","1,243","1,425","1,139",819,263,"1,259","1,210","1,308",793,"1,686","2,609","2,617","2,779","3,122","2,282","1,324",525,"4,570","4,295","8,518","4,131","2,348","2,441","4,709","1,910","2,222","1,854","3,809","2,221",41.6,43.3,"20,091",945,22,90,54,41,271,344,33,8,0,0,0,0,0,0,0,0,0,0,0,0,0,0,0,0,0,0,0,0,0,23,0,0,0,0,0,76,11,0,0,0,0,0,0,0,0,0,0,0,0,3,0,0,0,0,"2,071","6,259","5,012","1,400",413,78,25,"1,317","3,459","2,450",623,149,62,0,754,"2,800","2,562",777,264,16,25,"8,924","8,534","4,681","4,659","4,243","3,875","$3,699","$33,873","$37,511",,"$14,666","$4,269","$25,911",0.45,69,502,384,332,36,0,0,10,79,627,320,284,320,$556
"Ford County, Illinois","13,589",28,485.6,486.23,485.6,0.63,"6,754","6,835",405,462,444,305,542,752,822,849,"1,052",671,326,124,370,443,374,328,471,734,816,843,"1,018",672,442,324,775,905,818,633,"1,013","1,486","1,638","1,692","2,070","1,343",768,448,"3,131","2,499","5,400","2,559","1,616","1,294","2,723","1,121","1,515","1,205","2,677","1,438",40.1,44.1,"12,632",116,25,85,0,392,339,315,18,6,8,0,107,0,0,1,0,0,0,0,0,0,8,0,0,0,0,0,40,12,0,5,53,0,0,0,0,0,0,0,0,0,0,0,0,0,0,0,0,0,0,0,0,0,32,0,779,"3,328","3,285","1,233",669,54,97,430,"1,700","1,606",579,211,17,53,349,"1,628","1,679",654,458,37,44,"6,715","4,161","3,620","1,692","3,095","2,469","$16,071","$17,696","$57,428","$14,369","$19,554","$18,510","$31,295",0.44,167,302,330,246,95,28,28,13,39,678,236,240,167,$635
"Franklin County, Illinois","38,068",93.1,408.92,431.47,408.92,22.55,"18,912","19,156","1,164","1,168","1,295",778,"1,388","2,186","2,193","2,530","2,699","2,126","1,015",370,"1,070","1,104","1,136",799,"1,280","2,063","2,243","2,566","2,685","2,287","1,339",584,"2,234","2,272","2,431","1,577","2,668","4,249","4,436","5,096","5,384","4,413","2,354",954,"8,514","6,917","14,916","7,721","4,405","3,574","7,422","3,511","4,109","3,343","7,494","4,210",42,44.4,"36,500",241,25,94,0,122,"1,086",527,45,0,10,0,0,3,0,0,0,0,0,0,0,3,9,0,0,0,0,0,0,26,0,80,12,0,0,0,0,0,82,0,0,0,0,0,0,0,0,0,0,0,0,0,0,0,0,0,"2,809","8,800","10,515","3,437",973,237,115,"1,375","4,650","4,961","1,540",418,115,60,"1,434","4,150","5,554","1,897",555,122,55,"17,115","13,414","8,887","6,036","8,228","7,378","$5,959","$50,564","$12,677","$13,711","$17,288","$16,016","$26,624",0.45,248,"1,215","1,012",679,326,40,0,2,241,"1,535",872,828,645,$566
"Fulton County, Illinois","34,022",39.3,865.68,882.64,865.68,16.96,"17,869","16,153",841,861,"1,047",665,"1,443","2,472","2,457","2,457","2,488","1,902",938,298,849,849,"1,032",592,"1,099","1,679","1,856","2,007","2,440","2,030","1,160",560,"1,690","1,710","2,079","1,257","2,542","4,151","4,313","4,464","4,928","3,932","2,098",858,"6,736","6,693","13,705","6,888","3,414","3,915","7,402","3,138","3,322","2,778","6,303","3,750",41.5,45.5,"31,676","1,098",138,51,13,244,802,723,169,33,8,0,19,0,0,0,0,0,0,0,0,3,17,7,41,0,7,0,18,7,0,16,6,0,8,0,0,26,10,0,0,0,0,0,0,0,0,0,0,0,0,0,1,0,0,0,"2,595","9,143","8,488","3,160","1,034",243,81,"1,745","5,005","4,239","1,422",363,209,29,850,"4,138","4,249","1,738",671,34,52,"15,517","12,634","8,119","6,765","7,398","5,869","$16,334","$36,266","$7,069","$23,140","$11,743","$24,207","$31,676",0.45,319,664,814,650,203,41,31,17,191,"1,341",770,386,398,$615
"Gallatin County, Illinois","5,038",15.6,322.94,328.1,322.94,5.16,"2,490","2,548",129,90,190,88,177,262,310,330,373,323,194,24,111,139,158,100,163,242,286,310,357,373,205,104,240,229,348,188,340,504,596,640,730,696,399,128,"1,005",844,"1,966","1,223",497,439,"1,013",541,508,405,953,682,45,48.4,"4,855",11,0,5,0,2,165,29,31,14,0,0,0,0,0,0,0,0,0,0,0,0,0,0,0,0,0,0,0,0,0,2,0,0,0,0,0,0,5,0,0,0,0,0,0,0,0,0,0,0,0,0,0,0,0,0,442,"1,447","1,399",246,124,5,30,307,827,545,95,16,5,21,135,620,854,151,108,0,9,"2,268","1,892","1,283",763,985,"1,129",,,,,"$16,297","$15,824","$33,931",0.53,55,192,82,11,5,0,4,0,49,169,88,33,107,$396
"Greene County, Illinois","12,187",22.4,543.14,546.4,543.14,3.25,"6,177","6,010",318,392,349,257,512,755,766,802,948,645,318,115,310,350,406,253,432,623,655,804,909,684,453,131,628,742,755,510,944,"1,378","1,421","1,606","1,857","1,329",771,246,"2,635","2,322","4,884","2,346","1,316","1,267","2,516","1,078","1,319","1,055","2,368","1,268",41.6,43.9,"11,719",149,8,27,3,57,224,84,36,0,31,0,0,0,0,0,2,0,0,0,1,0,0,0,0,0,0,0,1,0,0,0,0,0,0,0,0,0,22,0,0,0,0,0,0,0,0,0,5,0,0,0,0,0,0,0,804,"3,838","2,544",994,350,29,49,451,"2,157","1,101",498,67,26,49,353,"1,681","1,443",496,283,3,0,"5,818","4,148","2,994","2,072","2,824","2,076","$1,730","$16,688","$13,063","$25,167","$11,482","$9,221","$31,099",0.46,41,249,185,194,31,27,4,0,106,331,173,117,241,$525
"Grundy County, Illinois","52,364",125.2,418.13,430.53,418.13,12.41,"26,245","26,119","1,709","2,004","1,998","1,182","2,227","3,195","3,602","3,616","3,439","2,105",970,198,"1,394","1,889","1,788","1,259","2,004","3,403","3,597","3,502","3,284","2,303","1,069",627,"3,103","3,893","3,786","2,441","4,231","6,598","7,199","7,118","6,723","4,408","2,039",825,"13,223","10,829","21,040","7,272","6,893","5,422","10,657","3,273","6,330","5,407","10,383","3,999",37.7,39.2,"47,962",667,32,389,26,"1,217","2,071","4,639",679,40,0,0,0,0,16,0,0,0,0,0,0,31,0,0,9,74,0,0,15,3,0,0,152,0,0,0,4,6,117,0,0,28,0,0,0,0,0,0,0,0,0,46,36,0,0,0,"2,230","11,068","12,313","6,100","2,705",295,199,"1,058","5,819","6,217","2,802",926,211,92,"1,172","5,249","6,096","3,298","1,779",84,107,"27,401","13,329","15,037","5,093","12,364","8,236","$23,605","$42,288","$50,126","$34,289","$24,806","$28,473","$39,887",0.4,101,220,902,995,"1,319",950,453,134,181,"3,088",711,"1,083",171,"$1,053"
"Hamilton County, Illinois","8,021",18.5,434.65,435.87,434.65,1.22,"3,883","4,138",238,178,287,116,303,416,486,481,610,475,209,84,205,250,270,209,254,495,465,459,583,476,365,107,443,428,557,325,557,911,951,940,"1,193",951,574,191,"1,753","1,468","3,084","1,716",819,719,"1,577",768,934,749,"1,507",948,43.6,44.1,"7,714",17,0,0,30,86,174,132,0,6,0,0,0,0,0,0,0,0,0,0,0,0,0,0,0,0,0,0,0,0,0,0,0,0,0,0,0,0,0,0,0,0,0,0,0,0,0,0,0,0,0,0,0,0,0,0,676,"1,847","2,119",679,333,33,24,386,956,990,250,165,12,2,290,891,"1,129",429,168,21,22,"3,531","2,858","1,925","1,214","1,606","1,644",,,,"$21,300","$16,527",,"$29,552",0.41,65,135,139,180,35,0,0,10,44,343,109,68,145,$576
"Hancock County, Illinois","17,750",22.4,793.75,814.43,793.75,20.68,"8,955","8,795",464,541,602,361,671,931,975,"1,085","1,464","1,107",548,206,453,402,575,318,531,880,956,"1,065","1,373","1,205",644,393,917,943,"1,177",679,"1,202","1,811","1,931","2,150","2,837","2,312","1,192",599,"3,716","3,013","6,918","4,103","1,968","1,602","3,524","1,861","1,748","1,411","3,394","2,242",44.5,47.5,"17,069",118,6,68,4,98,387,227,9,7,0,0,0,0,0,3,0,0,0,0,0,33,0,0,0,0,0,0,6,0,0,9,0,0,0,6,0,7,2,0,0,25,0,0,0,0,0,0,0,0,0,21,7,0,0,0,846,"4,415","4,422","2,192",739,113,105,417,"2,497","1,955",934,369,57,87,429,"1,918","2,467","1,258",370,56,18,"8,594","5,871","4,543","2,648","4,051","3,223","$17,055",,"$22,316","$53,443","$19,754","$26,880","$32,890",0.45,93,357,426,156,103,9,59,5,122,628,251,185,154,$639
"Hardin County, Illinois","3,700",20.9,177.39,181.44,177.39,4.05,"1,948","1,752",78,58,101,35,149,189,226,269,335,332,106,70,31,41,109,58,110,153,221,182,272,323,195,57,109,99,210,93,259,342,447,451,607,655,301,127,511,601,"1,505","1,083",272,338,830,508,239,263,675,575,53.3,53.8,"3,579",56,0,0,0,0,65,57,0,0,0,0,0,0,0,0,0,0,0,0,0,0,0,0,0,0,0,0,0,0,0,0,0,0,0,0,0,0,0,0,0,0,0,0,0,0,0,0,0,0,0,0,0,0,0,0,445,"1,002","1,091",260,90,25,17,187,637,492,141,38,15,17,258,365,599,119,52,10,0,"1,342","1,903",760,943,582,960,"$2,286",,,,"$10,940","$23,456","$30,937",0.48,112,85,40,3,0,0,0,0,24,162,35,15,101,$273
"Henderson County, Illinois","6,485",17.1,378.79,395.23,378.79,16.43,"3,237","3,248",162,115,230,102,231,310,325,375,597,466,232,92,146,181,145,115,193,294,322,419,555,431,275,172,308,296,375,217,424,604,647,794,"1,152",897,507,264,"1,196","1,028","2,593","1,668",609,541,"1,297",790,587,487,"1,296",878,49.5,51.1,"6,265",9,0,0,0,22,189,81,31,0,0,0,0,0,0,0,0,0,0,0,0,0,0,0,0,0,0,0,9,0,0,0,0,0,0,0,0,0,0,0,0,0,0,0,0,0,0,0,0,0,0,0,0,0,0,0,367,"2,085","1,510",672,175,7,49,214,"1,077",673,291,115,7,20,153,"1,008",837,381,60,0,29,"3,273","2,134","1,785",903,"1,488","1,231",,,,"$74,450","$21,122","$18,228","$33,157",0.4,12,115,100,61,41,0,0,12,18,172,113,37,58,$687
"Henry County, Illinois","49,412",60,823.06,825.69,823.06,2.63,"24,620","24,792","1,356","1,753","1,504","1,062","1,875","2,568","3,097","3,151","3,510","2,932","1,386",426,"1,273","1,455","1,619","1,029","1,584","2,625","3,023","3,077","3,714","2,896","1,542",955,"2,629","3,208","3,123","2,091","3,459","5,193","6,120","6,228","7,224","5,828","2,928","1,381","11,051","8,652","19,572","10,137","5,675","4,443","9,758","4,744","5,376","4,209","9,814","5,393",42,44.4,"45,374","1,075",26,249,0,"1,151","1,537","2,664",175,0,0,0,0,6,0,0,8,0,0,0,0,28,0,0,0,0,0,0,43,0,22,42,29,0,0,11,0,52,59,0,0,13,41,0,0,0,0,0,0,0,0,0,44,0,0,0,"2,694","12,017","11,836","5,542","2,278",395,140,"1,573","5,955","5,529","2,840",910,192,71,"1,121","6,062","6,307","2,702","1,368",203,69,"24,487","15,217","12,756","6,895","11,731","8,322","$12,327","$32,927","$20,221","$22,944","$40,428","$31,478","$35,172",0.43,403,607,"1,192",804,345,231,111,103,263,"2,043",751,660,374,$755
"Iroquois County, Illinois","27,362",24.5,"1,117.40","1,119.03","1,117.40",1.64,"13,415","13,947",752,797,830,620,"1,101","1,406","1,535","1,657","2,074","1,584",889,170,760,825,836,599,911,"1,349","1,628","1,674","2,208","1,606",995,556,"1,512","1,622","1,666","1,219","2,012","2,755","3,163","3,331","4,282","3,190","1,884",726,"6,019","4,767","10,776","5,800","2,999","2,507","5,266","2,643","3,020","2,260","5,510","3,157",43.1,45.4,"25,088",262,33,88,0,957,934,"1,735",81,0,0,0,0,5,0,0,76,0,0,0,0,31,48,0,0,0,0,0,0,0,0,16,9,0,0,0,0,10,50,0,0,4,14,0,0,0,0,0,0,0,0,0,1,0,0,0,"2,234","7,444","6,571","2,242",728,45,67,"1,170","3,944","2,852","1,078",198,40,33,"1,064","3,500","3,719","1,164",530,5,34,"13,129","9,080","6,897","3,941","6,232","5,139","$15,592","$22,361","$22,101","$17,029","$17,082","$16,172","$31,524",0.42,58,622,756,537,176,48,60,26,127,"1,061",623,435,262,$695
"Jackson County, Illinois","53,676",92,583.57,602.22,583.57,18.65,"26,485","27,191","1,444","1,260","1,376",935,"5,743","3,721","2,704","2,630","2,988","2,421",883,380,"1,416","1,340","1,465",888,"5,435","3,455","2,763","2,570","3,163","2,646","1,240",810,"2,860","2,600","2,841","1,823","11,178","7,176","5,467","5,200","6,151","5,067","2,123","1,190","10,124","18,354","16,818","8,380","5,015","9,464","8,322","3,684","5,109","8,890","8,496","4,696",31.2,34,"40,131","7,807",155,"1,855",88,"1,467","2,173","1,703",177,32,14,0,139,0,0,0,187,0,0,0,0,26,20,0,21,0,67,0,39,0,0,27,123,144,0,11,0,455,172,0,6,131,235,0,29,0,164,0,8,65,0,28,249,0,12,23,"2,710","7,409","11,198","5,329","3,583",901,"1,244","1,266","3,896","5,192","2,640","1,497",460,776,"1,444","3,513","6,006","2,689","2,086",441,468,"25,264","19,584","13,104","9,111","12,160","10,473","$19,814","$6,736","$31,341","$12,552","$15,641","$14,531","$30,832",0.53,530,"3,214","3,163","2,191","1,310",479,192,138,637,"4,066","2,637","3,430","1,011",$732
"Jasper County, Illinois","9,324",18.9,494.61,498.22,494.61,3.6,"4,703","4,621",304,352,257,206,327,475,566,590,758,527,257,84,271,240,334,186,323,488,504,587,733,527,270,158,575,592,591,392,650,963,"1,070","1,177","1,491","1,054",527,242,"2,150","1,613","3,738","1,823","1,119",802,"1,914",868,"1,031",811,"1,824",955,43.3,44.7,"9,055",27,3,14,3,42,180,56,6,0,0,0,0,0,0,0,0,0,0,0,0,0,0,0,1,0,0,0,0,0,0,0,0,0,0,0,0,0,1,0,0,11,0,0,0,0,1,0,0,0,0,0,0,0,1,0,520,"2,452","2,263",886,341,29,33,310,"1,315","1,077",340,180,13,22,210,"1,137","1,186",546,161,16,11,"4,714","2,690","2,600","1,108","2,114","1,582",,,,"$68,533","$22,274","$47,335","$29,576",0.4,10,172,184,103,7,7,0,16,49,258,120,57,136,$594
"Jefferson County, Illinois","37,362",65.4,571.23,583.8,571.23,12.57,"19,409","17,953","1,150","1,208","1,183",791,"1,644","2,567","2,542","2,532","2,567","2,009","1,004",212,"1,120","1,250","1,050",635,"1,167","2,064","2,083","2,253","2,450","2,155","1,160",566,"2,270","2,458","2,233","1,426","2,811","4,631","4,625","4,785","5,017","4,164","2,164",778,"8,387","7,442","14,427","7,106","4,332","4,211","7,641","3,225","4,055","3,231","6,786","3,881",39.6,43.4,"32,125","3,065",68,410,8,158,"1,528",576,332,0,0,0,34,0,5,3,28,0,5,0,0,0,0,0,0,0,0,0,89,1,0,16,23,0,0,0,0,25,141,9,0,10,52,0,0,0,0,0,0,9,0,7,53,0,16,65,"2,644","8,299","10,466","3,074","1,249",307,125,"1,681","4,622","4,924","1,409",514,219,64,963,"3,677","5,542","1,665",735,88,61,"17,381","12,646","9,061","6,598","8,320","6,048","$16,515","$12,731","$48,435","$19,432","$16,098","$19,236","$30,091",0.44,350,772,969,940,432,145,105,28,226,"1,927",780,681,539,$698
"Jersey County, Illinois","21,533",58.3,369.56,377.41,369.56,7.85,"10,627","10,906",498,479,853,476,"1,039","1,153","1,253","1,384","1,618","1,124",569,181,495,465,705,419,"1,102","1,111","1,186","1,402","1,731","1,242",714,334,993,944,"1,558",895,"2,141","2,264","2,439","2,786","3,349","2,366","1,283",515,"4,390","4,405","8,574","4,164","2,306","2,192","4,255","1,874","2,084","2,213","4,319","2,290",41.3,44.8,"20,656",91,0,103,40,45,598,233,9,0,3,0,0,0,0,0,11,0,0,0,0,7,0,0,0,34,0,0,12,0,0,0,0,0,0,0,0,4,28,2,3,46,15,0,0,0,0,0,5,0,0,0,0,0,0,0,"1,139","5,596","4,903","2,084",958,168,154,510,"2,902","2,290","1,078",385,77,40,629,"2,694","2,613","1,006",573,91,114,"10,975","6,785","5,752","2,918","5,223","3,867","$4,763",,"$25,128","$17,864","$16,534","$14,506","$36,016",0.44,126,274,513,289,94,27,15,2,116,557,376,224,211,$646
"Jo Daviess County, Illinois","21,995",36.6,600.92,618.6,600.92,17.68,"11,122","10,873",484,527,691,492,701,991,"1,194","1,287","1,787","1,825",914,229,451,569,611,359,604,908,"1,123","1,255","1,795","1,823",826,549,935,"1,096","1,302",851,"1,305","1,899","2,317","2,542","3,582","3,648","1,740",778,"4,184","3,204","8,441","6,166","2,194","1,692","4,268","2,968","1,990","1,512","4,173","3,198",48.5,52.2,"21,182",145,59,111,2,73,423,614,20,2,0,0,6,0,0,0,0,0,25,0,0,7,0,0,0,0,0,0,0,0,0,30,16,0,0,0,0,14,19,0,0,0,0,0,0,0,0,0,0,0,0,0,61,0,1,0,"1,280","5,897","5,182","2,599","1,212",216,120,718,"3,150","2,423","1,116",576,161,83,562,"2,747","2,759","1,483",636,55,37,"11,078","7,259","6,099","3,127","4,979","4,132","$12,292","$32,402","$33,283","$28,210","$17,768","$19,885","$36,721",0.42,62,323,723,329,291,46,27,57,75,"1,016",390,371,241,$748
"Johnson County, Illinois","13,238",38.5,343.74,348.68,343.74,4.95,"7,259","5,979",296,262,423,243,676,"1,055",977,990,959,809,427,142,302,530,284,208,353,604,649,712,921,797,364,255,598,792,707,451,"1,029","1,659","1,626","1,702","1,880","1,606",791,397,"2,548","2,688","5,208","2,794","1,224","1,731","2,926","1,378","1,324",957,"2,282","1,416",41.9,47,"11,640","1,205",0,38,0,140,215,363,29,1,0,0,0,0,0,0,8,0,0,0,0,5,0,0,0,0,0,0,3,0,0,0,6,0,0,0,0,0,25,0,0,3,0,0,0,0,0,0,0,0,0,1,3,0,0,0,"1,635","3,148","3,203","1,265",259,108,43,"1,247","1,920","1,440",549,98,73,32,388,"1,228","1,763",716,161,35,11,"4,321","6,697","2,079","4,104","2,242","2,593","$1,151",,"$9,142","$3,174","$14,632","$4,419","$27,323",0.44,77,159,126,50,59,9,11,10,38,184,102,174,99,$589
"Kane County, Illinois","518,648",998.6,519.37,524.18,519.37,4.82,"259,680","258,968","16,460","17,212","20,836","12,932","23,650","31,389","35,134","36,313","33,158","20,978","9,028","2,590","15,479","17,168","19,166","12,155","22,731","30,084","34,021","35,718","33,199","23,193","11,372","4,682","31,939","34,380","40,002","25,087","46,381","61,473","69,155","72,031","66,357","44,171","20,400","7,272","131,408","107,854","207,543","71,843","67,440","55,039","104,605","32,596","63,968","52,815","102,938","39,247",37,38.9,"356,822","27,863","3,179","20,688",379,"64,982","44,735","140,682","11,168","1,468",338,414,"1,291",324,35,575,"2,551",0,311,129,153,"1,042",517,0,442,0,530,0,"1,007",760,13,"3,361","6,544",10,8,425,12,"1,382","4,402",169,181,238,"1,121","1,453",59,66,523,0,"1,693",0,39,343,"1,155",7,161,697,"47,621","76,989","93,655","78,592","34,412","5,509","4,081","25,684","38,313","44,809","39,094","15,472","3,015","2,203","21,937","38,676","48,846","39,498","18,940","2,494","1,878","280,718","123,108","151,580","49,110","129,138","73,998","$27,123","$24,623","$46,895","$19,847","$23,384","$21,965","$52,820",0.44,"1,312","1,904","2,679","6,657","10,006","6,710","10,137","4,126","1,321","20,553","10,539","10,414","2,301","$1,273"
"Kankakee County, Illinois","108,104",159.8,676.49,681.3,676.49,4.81,"53,567","54,537","3,223","3,284","3,881","2,320","5,813","6,713","6,340","6,634","7,060","4,948","2,327","1,024","3,106","3,314","3,409","2,231","5,895","6,509","6,445","6,697","7,156","5,451","3,012","1,312","6,329","6,598","7,290","4,551","11,708","13,222","12,785","13,331","14,216","10,399","5,339","2,336","24,768","24,930","40,332","18,074","12,708","12,526","20,034","8,299","12,060","12,404","20,298","9,775",37.3,39.7,"83,434","15,733",353,902,4,"2,987","4,691","10,598",458,62,82,0,4,89,0,73,18,0,0,0,0,48,3,0,0,0,126,0,45,69,0,168,257,0,0,0,3,108,410,0,0,16,78,0,0,0,0,0,0,0,0,15,15,0,0,0,"7,490","24,927","24,350","9,417","4,233",795,416,"4,031","12,437","11,814","4,604","1,315",545,300,"3,459","12,490","12,536","4,813","2,918",250,116,"53,309","33,089","27,237","15,096","26,072","17,993","$17,906","$18,971","$50,126","$16,103","$21,103","$18,604","$34,538",0.44,528,"1,230","2,235","2,962","3,049","1,488",650,362,523,"5,422","3,269","2,967",835,$974
"Kendall County, Illinois","130,757",408.3,320.24,322.22,320.24,1.98,"64,996","65,761","4,080","6,178","5,150","3,535","5,546","7,825","10,398","9,646","6,559","4,062","1,602",415,"4,209","5,571","5,050","3,381","4,890","8,409","10,839","9,216","6,741","4,722","1,848",885,"8,289","11,749","10,200","6,916","10,436","16,234","21,237","18,862","13,300","8,784","3,450","1,300","37,154","26,670","53,399","13,534","18,943","13,371","26,603","6,079","18,211","13,299","26,796","7,455",35.2,36.6,"99,830","10,664",334,"3,848",0,"5,906","10,175","22,106","2,486",546,111,0,251,36,0,130,124,0,0,0,0,0,186,0,130,0,0,0,46,146,0,49,"1,674",0,0,1,9,770,880,0,0,6,142,35,0,0,0,0,156,0,0,66,109,0,0,0,"5,307","20,500","28,034","19,348","8,487",802,689,"2,735","10,561","14,324","9,067","3,228",327,265,"2,572","9,939","13,710","10,281","5,259",475,424,"71,157","26,815","38,172","10,153","32,985","16,662","$29,134","$26,912","$52,027","$23,999","$23,803","$24,178","$43,439",0.35,7,506,280,"1,010",650,455,"2,371","1,488",68,"3,458","1,705","1,509",122,"$1,548"
"Knox County, Illinois","50,193",70.1,716.39,719.8,716.39,3.41,"25,526","24,667","1,500","1,260","1,549",894,"2,814","3,018","3,125","3,084","3,466","2,913","1,549",354,"1,314","1,457","1,213",855,"2,453","2,536","2,694","2,706","3,557","3,235","1,778",869,"2,814","2,717","2,762","1,749","5,267","5,554","5,819","5,790","7,023","6,148","3,327","1,223","10,042","10,821","18,632","10,698","5,203","5,832","9,675","4,816","4,839","4,989","8,957","5,882",40.5,44.2,"42,575","4,416",45,518,0,945,"1,694","2,271",354,29,8,0,0,0,88,0,0,12,0,0,0,34,0,0,10,0,0,0,1,0,0,263,95,0,0,0,0,129,75,0,0,36,14,0,0,0,10,0,3,36,0,5,69,0,9,37,"3,859","12,274","11,896","4,562","1,716",327,250,"2,492","6,849","5,201","2,219",428,201,119,"1,367","5,425","6,695","2,343","1,288",126,131,"22,138","19,102","11,199","9,650","10,939","9,452","$11,288","$34,096","$12,133","$20,935","$20,491","$14,288","$28,460",0.45,462,"2,490","1,857",798,481,88,87,27,296,"2,674","1,493","1,737",444,$621
"Lake County, Illinois","714,484","1,610.60",443.62,"1,368.33",443.62,924.71,"358,911","355,573","20,298","24,712","25,810","17,176","39,779","40,864","45,281","49,262","48,624","30,230","12,174","4,701","19,619","23,065","25,420","16,327","32,819","38,338","45,084","49,700","49,416","32,474","15,271","8,040","39,917","47,777","51,230","33,503","72,598","79,202","90,365","98,962","98,040","62,704","27,445","12,741","172,427","151,800","287,367","102,890","87,996","80,643","143,167","47,105","84,431","71,157","144,200","55,785",37.2,39.9,"499,259","48,075","3,887","58,802",424,"53,828","50,209","126,794","11,782","1,868",788,93,"1,950","3,531",192,155,"2,720",41,366,133,191,"1,887",943,0,758,11,437,0,"1,079",624,117,"3,180","22,849",119,0,68,760,"9,615","11,494",96,0,"1,366","6,498",34,41,220,34,0,"2,002",198,480,168,"1,602",161,380,617,"43,130","94,568","114,310","126,816","66,136","15,860","8,639","21,947","48,312","54,731","60,769","30,764","9,794","4,819","21,183","46,256","59,579","66,047","35,372","6,066","3,820","386,409","178,248","212,788","69,543","173,621","108,705","$29,211","$24,023","$53,471","$22,378","$25,129","$22,459","$62,037",0.48,"1,566","2,799","4,241","9,774","12,005","10,057","14,160","9,054","2,202","31,089","14,473","14,163","4,262","$1,356"
"LaSalle County, Illinois","109,986",96.9,"1,135.16","1,148.18","1,135.16",13.02,"55,773","54,213","3,134","3,346","3,387","2,283","4,577","7,062","7,237","6,949","8,327","5,861","2,406","1,204","2,883","3,276","3,156","2,243","4,053","6,188","6,263","6,689","8,242","5,949","3,580","1,691","6,017","6,622","6,543","4,526","8,630","13,250","13,500","13,638","16,569","11,810","5,986","2,895","23,708","21,880","43,707","20,691","12,150","11,639","22,513","9,471","11,558","10,241","21,194","11,220",40.5,43.3,"98,393","3,005",35,"1,040",21,"3,475","4,017","9,425",747,169,33,26,70,0,9,0,86,0,0,17,32,35,4,0,0,0,0,0,45,64,0,381,114,0,0,0,7,150,217,0,0,119,29,0,0,0,0,0,15,0,92,0,263,0,26,8,"7,334","27,529","28,423","9,502","3,825",548,487,"4,218","14,651","13,674","4,402","1,403",383,315,"3,116","12,878","14,749","5,100","2,422",165,172,"56,330","33,114","30,429","14,964","25,901","18,150","$12,063","$22,386","$22,176","$22,639","$20,405","$22,557","$35,484",0.43,732,"2,146","2,624","2,718","1,755",783,591,279,642,"5,902","2,701","2,268",866,$813
"Lawrence County, Illinois","15,465",41.6,372.18,374.14,372.18,1.96,"8,788","6,677",361,302,582,247,775,"1,619","1,367","1,252","1,095",741,333,114,390,434,410,219,456,722,771,780,"1,017",760,501,217,751,736,992,466,"1,231","2,341","2,138","2,032","2,112","1,501",834,331,"2,945","3,572","6,282","2,666","1,492","2,394","3,714","1,188","1,453","1,178","2,568","1,478",38.9,44.2,"13,307","1,502",39,34,0,124,459,349,54,29,15,0,0,0,0,0,0,0,0,0,0,0,0,0,9,0,0,0,0,0,0,0,0,0,0,0,0,24,0,0,0,0,0,0,0,0,0,0,0,0,0,0,10,0,0,0,"1,765","4,137","3,887",985,392,73,50,"1,372","2,543","1,970",484,100,19,33,393,"1,594","1,917",501,292,54,17,"6,406","6,456","3,523","3,963","2,883","2,493","$4,759","$1,910","$14,112","$9,458","$17,936","$8,477","$30,911",0.45,56,271,409,277,36,70,11,2,142,557,314,114,224,$625
"Lee County, Illinois","34,373",47.4,724.79,728.54,724.79,3.76,"18,332","16,041",820,"1,075",977,630,"1,292","2,736","2,537","2,341","2,693","1,961",978,292,885,825,"1,036",603,"1,125","1,751","1,841","1,995","2,443","1,933",923,681,"1,705","1,900","2,013","1,233","2,417","4,487","4,378","4,336","5,136","3,894","1,901",973,"6,851","6,904","13,850","6,768","3,502","4,028","7,571","3,231","3,349","2,876","6,279","3,537",41.4,44.8,"30,599","1,852",14,241,12,343,"1,312","1,660",332,37,0,0,14,0,4,24,7,0,3,0,49,29,41,0,0,0,0,0,9,0,0,74,56,0,0,0,0,33,90,0,0,12,38,9,0,0,0,0,0,0,0,0,2,0,0,1,"2,607","8,696","9,122","3,078","1,172",348,82,"1,784","5,027","4,473","1,513",470,236,35,823,"3,669","4,649","1,565",702,112,47,"15,795","12,571","8,106","7,098","7,689","5,473","$12,145","$19,407","$28,941","$27,920","$15,722","$16,715","$32,993",0.42,208,729,"1,182",696,476,102,29,128,206,"1,878",747,703,286,$767
"Livingston County, Illinois","35,902",34.4,"1,043.63","1,045.94","1,043.63",2.31,"18,283","17,619","1,036","1,026","1,301",810,"1,486","2,346","2,239","2,275","2,695","1,891",800,378,956,815,"1,201",720,"1,284","2,031","2,051","2,101","2,620","1,942","1,058",840,"1,992","1,841","2,502","1,530","2,770","4,377","4,290","4,376","5,315","3,833","1,858","1,218","7,865","7,147","13,981","6,909","4,173","3,832","7,209","3,069","3,692","3,315","6,772","3,840",39.9,44.2,"32,759","1,290",0,229,0,483,"1,141","1,284",219,4,0,0,15,0,0,0,54,0,0,0,0,7,4,12,0,0,14,0,29,0,0,143,0,0,0,0,12,38,113,0,0,1,0,0,0,0,0,0,61,0,0,0,0,0,4,0,"2,492","10,598","7,939","2,818","1,061",262,97,"1,549","5,526","3,760","1,308",321,112,48,943,"5,072","4,179","1,510",740,150,49,"16,925","12,296","8,882","5,852","8,043","6,444","$6,693",,"$148,270","$17,448","$13,217","$12,644","$32,165",0.42,329,627,993,"1,037",560,37,111,15,212,"2,070",734,685,309,$730
"Logan County, Illinois","28,238",45.7,618.05,618.93,618.05,0.87,"13,919","14,319",790,746,785,503,"1,602","1,698","1,802","1,774","1,968","1,345",618,288,691,810,660,480,"1,429","2,032","1,754","1,700","1,902","1,487",733,641,"1,481","1,556","1,445",983,"3,031","3,730","3,556","3,474","3,870","2,832","1,351",929,"5,465","6,761","10,900","5,112","2,824","3,300","5,544","2,251","2,641","3,461","5,356","2,861",39.1,40.8,"24,921","2,026",47,139,12,89,"1,004",592,129,35,0,0,22,0,8,36,12,0,1,0,0,98,0,0,0,0,0,0,30,0,0,34,36,0,0,1,0,42,18,0,0,0,5,0,0,0,0,0,5,0,29,0,0,0,3,0,"1,906","7,037","6,640","2,853","1,039",162,105,899,"3,558","3,114","1,400",387,61,74,"1,007","3,479","3,526","1,453",652,101,31,"13,028","10,432","7,082","4,316","5,946","6,116","$3,304",,"$22,821","$19,612","$19,994","$14,630","$34,366",0.43,102,773,"1,043",620,241,96,76,30,241,"1,612",586,481,247,$720
"McDonough County, Illinois","27,743",47.1,589.32,590.1,589.32,0.78,"13,365","14,378",637,720,676,406,"3,017","1,633","1,307","1,232","1,586","1,346",593,212,638,524,814,394,"3,335","1,456","1,507","1,299","1,653","1,407",707,644,"1,275","1,244","1,490",800,"6,352","3,089","2,814","2,531","3,239","2,753","1,300",856,"4,809","9,441","8,584","4,909","2,439","4,650","4,125","2,151","2,370","4,791","4,459","2,758",32.4,35.2,"24,537","1,453",14,705,10,144,880,580,56,16,0,3,16,14,0,0,0,0,11,0,0,0,0,0,6,0,15,0,21,29,0,52,279,0,0,0,0,94,167,0,1,10,87,0,22,0,0,0,45,0,0,0,0,0,0,0,821,"5,454","4,965","2,713","1,768",193,668,346,"2,962","2,129","1,262",623,82,505,475,"2,492","2,836","1,451","1,145",111,163,"14,189","9,328","7,309","3,895","6,880","5,433","$11,702",,"$46,087","$5,769","$13,017","$12,569","$28,128",0.48,359,"1,382",699,595,645,181,99,91,226,"1,496",805,"1,376",316,$750
"McHenry County, Illinois","310,749",515,603.39,611.07,603.4,7.67,"155,410","155,339","8,379","9,741","11,706","7,366","13,324","17,937","20,051","22,765","22,905","13,975","5,452","1,809","8,358","9,906","10,441","7,011","12,337","17,160","19,742","22,777","22,806","14,757","6,689","3,355","16,737","19,647","22,147","14,377","25,661","35,097","39,793","45,542","45,711","28,732","12,141","5,164","72,908","60,758","131,046","46,037","37,192","31,261","65,721","21,236","35,716","29,497","65,325","24,801",39.8,41.3,"275,551","4,737",476,"8,440",5,"5,427","16,113","33,064","3,660",900,284,5,296,141,225,22,584,0,151,0,59,635,541,0,560,0,0,48,961,423,0,422,"1,357",0,0,15,145,823,"2,855",0,0,247,"1,146",7,0,41,45,0,524,0,0,170,793,37,64,171,"13,717","55,145","68,660","49,808","19,904","3,050","1,896","7,435","28,052","33,531","24,242","8,775","1,786","1,073","6,282","27,093","35,129","25,566","11,129","1,264",823,"174,081","73,105","93,093","30,141","80,988","42,964","$34,071","$28,141","$40,097","$26,660","$23,575","$24,114","$47,256",0.41,503,808,"1,260","3,067","4,477","3,216","5,158","1,821",583,"9,718","5,201","4,618","1,082","$1,267"
"McLean County, Illinois","171,455",144.9,"1,183.25","1,186.26","1,183.25",3.01,"83,625","87,830","4,972","4,890","5,628","3,311","14,206","10,610","10,501","9,591","9,664","6,615","2,667",970,"4,823","5,114","5,148","3,127","15,808","10,889","10,404","9,668","10,208","7,304","3,650","1,687","9,795","10,004","10,776","6,438","30,014","21,499","20,905","19,259","19,872","13,919","6,317","2,657","37,013","51,513","60,036","22,893","18,801","24,816","29,756","10,252","18,212","26,697","30,280","12,641",33,34.2,"140,405","14,206",272,"8,806",24,"1,512","6,230","6,548",572,157,50,42,140,70,4,0,77,0,22,54,39,137,0,0,76,0,193,0,110,182,0,379,"5,032",0,0,409,0,"1,339",716,0,0,165,435,4,0,14,0,0,113,88,2,47,279,0,0,163,"4,190","24,299","28,312","31,589","11,885","2,142","2,011","2,277","11,885","13,413","15,148","4,942","1,593","1,360","1,913","12,414","14,899","16,441","6,943",549,651,"88,349","50,229","45,238","21,822","43,111","28,407","$19,097","$40,635","$38,589","$17,013","$19,230","$19,115","$40,222",0.49,422,"3,045","6,322","5,099","4,446","1,663","1,403",858,"1,184","10,318","3,806","5,115","3,483",$958
"Macon County, Illinois","104,331",179.7,580.58,585.75,580.58,5.18,"50,215","54,116","3,311","3,305","3,419","2,022","4,342","5,888","5,880","5,841","7,093","5,548","2,406","1,160","3,093","3,109","3,273","1,951","4,682","6,457","6,292","6,116","7,551","6,306","3,447","1,839","6,404","6,414","6,692","3,973","9,024","12,345","12,172","11,957","14,644","11,854","5,853","2,999","23,483","21,369","38,773","20,706","12,057","10,230","18,814","9,114","11,426","11,139","19,959","11,592",40.1,41.7,"80,030","16,965",188,"1,343",66,689,"5,050","1,613",224,189,9,0,54,0,0,0,21,0,0,166,50,25,15,0,0,0,27,0,41,43,0,55,437,0,0,0,0,149,331,0,17,44,175,0,0,0,0,0,25,0,0,16,48,0,62,39,"5,926","25,424","23,622","11,184","4,398",722,548,"3,098","12,358","10,881","5,096","1,613",399,371,"2,828","13,066","12,741","6,088","2,785",323,177,"49,184","34,181","25,048","14,553","24,136","19,628","$19,835","$32,752","$37,870","$18,145","$17,476","$19,318","$36,339",0.47,645,"2,819","4,221","2,526","1,357",298,345,245,695,"5,786","2,407","2,815","1,650",$735
"Macoupin County, Illinois","45,152",52.3,862.97,867.7,862.97,4.73,"22,341","22,811","1,246","1,328","1,484",959,"1,800","2,393","2,701","2,852","3,517","2,522","1,102",437,"1,092","1,364","1,234",867,"1,723","2,396","2,731","2,840","3,582","2,748","1,222","1,012","2,338","2,692","2,718","1,826","3,523","4,789","5,432","5,692","7,099","5,270","2,324","1,449","9,574","8,312","18,223","9,043","5,017","4,193","9,070","4,061","4,557","4,119","9,153","4,982",42,45,"43,378",471,79,181,7,180,856,267,65,21,7,58,70,0,15,0,7,0,0,3,0,19,0,0,20,0,0,0,0,12,0,16,18,0,0,0,0,63,21,0,0,0,77,0,0,0,0,0,0,0,0,0,2,0,0,0,"2,857","12,968","10,306","4,201","1,349",264,110,"1,507","6,694","4,843","1,712",528,150,90,"1,350","6,274","5,463","2,489",821,114,20,"21,127","15,639","11,066","6,815","10,061","8,824","$10,361","$21,011","$46,745","$14,309","$14,384","$16,682","$30,802",0.42,214,774,"1,156",842,396,98,7,175,304,"1,707",807,809,560,$710
"Madison County, Illinois","266,112",371.9,715.52,740.04,715.52,24.53,"130,389","135,723","7,729","8,522","8,560","5,334","10,821","17,224","16,340","16,745","18,963","12,559","5,600","1,992","7,149","8,015","8,235","4,934","10,668","17,653","16,858","17,078","19,359","14,402","7,939","3,433","14,878","16,537","16,795","10,268","21,489","34,877","33,198","33,823","38,322","26,961","13,539","5,425","58,478","56,366","105,343","45,925","30,145","28,045","52,048","20,151","28,333","28,321","53,295","25,774",39.2,41.5,"228,634","22,889",252,"2,540",45,"2,128","9,624","6,997",450,276,7,0,503,20,60,40,14,0,16,5,9,108,3,0,96,0,0,16,165,152,0,296,415,0,0,15,0,694,409,0,6,96,265,44,0,0,93,0,53,0,0,25,189,0,17,219,"13,030","54,017","66,106","32,914","15,525","2,460","2,093","6,398","26,586","31,616","15,994","6,519","1,260","1,050","6,632","27,431","34,490","16,920","9,006","1,200","1,043","136,521","77,909","70,356","33,384","66,165","44,525","$19,882","$51,124","$36,333","$19,085","$20,088","$21,465","$38,197",0.44,"1,041","3,873","6,422","6,646","5,669","1,982","1,184",906,"1,385","12,588","6,804","6,525","2,037",$894
"Marion County, Illinois","37,781",66,572.54,576.1,572.54,3.57,"18,530","19,251","1,244","1,343","1,200",696,"1,362","2,229","2,253","2,264","2,604","2,052",907,376,"1,153","1,257","1,213",786,"1,332","2,283","2,171","2,288","2,783","2,200","1,217",568,"2,397","2,600","2,413","1,482","2,694","4,512","4,424","4,552","5,387","4,252","2,124",944,"8,892","7,206","14,363","7,320","4,483","3,591","7,121","3,335","4,409","3,615","7,242","3,985",41,42.7,"34,751","1,436",9,231,3,203,"1,148",434,136,0,0,46,0,14,0,0,52,0,0,0,0,3,0,0,0,0,3,0,31,50,0,64,36,0,0,0,0,50,69,0,7,0,50,0,0,0,0,0,0,0,0,11,8,0,0,0,"2,885","9,155","9,912","2,877","1,078",188,100,"1,532","4,752","4,367","1,281",557,131,65,"1,353","4,403","5,545","1,596",521,57,35,"17,960","11,895","9,153","5,315","8,807","6,580","$20,164","$46,711","$33,957","$37,466","$10,045","$21,176","$28,737",0.43,362,711,"1,219",492,358,133,82,53,284,"1,607",767,691,520,$670
"Marshall County, Illinois","11,781",30.5,386.82,398.54,386.82,11.72,"5,875","5,906",318,295,412,214,394,612,686,751,926,754,393,120,328,273,404,191,372,605,601,746,914,772,428,272,646,568,816,405,766,"1,217","1,287","1,497","1,840","1,526",821,392,"2,435","1,983","4,624","2,739","1,239","1,006","2,363","1,267","1,196",977,"2,261","1,472",45.2,47.3,"11,231",82,7,41,0,122,298,341,0,0,0,0,1,0,0,0,0,0,0,0,0,0,0,0,0,0,0,0,3,2,0,7,1,0,0,0,0,18,13,0,0,9,0,0,0,0,0,0,0,0,0,0,0,0,0,0,648,"3,365","3,023","1,065",346,95,38,287,"1,778","1,459",448,166,69,35,361,"1,587","1,564",617,180,26,3,"5,317","4,334","2,838","1,971","2,479","2,363","$7,606",,"$13,822","$13,574","$18,669","$20,811","$32,069",0.41,47,299,255,177,49,33,7,0,95,464,167,118,126,$618
"Mason County, Illinois","13,225",24.5,539.35,563.58,539.35,24.23,"6,575","6,650",322,325,512,234,467,722,740,879,"1,012",832,390,140,358,296,442,267,444,674,777,822,995,839,499,237,680,621,954,501,911,"1,396","1,517","1,701","2,007","1,671",889,377,"2,756","2,307","5,225","2,937","1,393","1,189","2,631","1,362","1,363","1,118","2,594","1,575",44.7,45.7,"12,784",63,15,30,0,45,288,107,3,11,0,0,0,23,0,26,0,0,0,0,0,0,0,0,0,0,0,0,0,0,0,0,0,0,0,0,0,0,30,0,0,0,0,0,0,0,0,0,0,0,0,0,0,0,0,0,895,"3,914","3,150","1,111",420,43,25,497,"2,035","1,488",541,120,30,4,398,"1,879","1,662",570,300,13,21,"6,377","4,459","3,469","1,893","2,908","2,566","$8,554","$12,120",,,"$13,644","$13,638","$32,014",0.43,22,351,367,174,81,10,2,4,96,480,173,262,198,$592
"Massac County, Illinois","14,280",60.2,237.15,242.09,237.15,4.94,"6,887","7,393",385,443,463,249,467,746,857,916,"1,091",710,445,115,347,632,360,268,442,715,905,924,"1,173",809,495,323,732,"1,075",823,517,909,"1,461","1,762","1,840","2,264","1,519",940,438,"3,147","2,370","5,866","2,897","1,540","1,213","2,864","1,270","1,607","1,157","3,002","1,627",43.2,46.1,"12,681",875,0,32,0,3,689,268,63,0,0,0,0,0,0,0,116,0,0,0,0,0,0,0,0,0,0,0,0,0,0,6,0,0,0,0,6,3,0,0,0,0,23,0,0,0,0,0,0,0,0,0,0,0,0,0,"1,297","3,552","4,034",960,290,70,21,503,"1,888","1,899",437,123,23,7,794,"1,664","2,135",523,167,47,14,"6,058","5,405","3,223","2,341","2,835","3,064","$29,645",,"$11,544",,"$19,972","$12,051","$27,186",0.39,96,294,307,217,79,86,12,7,42,447,357,252,105,$682
"Menard County, Illinois","12,343",39.3,314.39,315.41,314.39,1.02,"6,020","6,323",357,416,338,249,475,599,748,760,995,690,317,76,345,507,369,244,378,654,757,795,945,743,388,198,702,923,707,493,853,"1,253","1,505","1,555","1,940","1,433",705,274,"2,825","2,106","5,000","2,412","1,360","1,074","2,503","1,083","1,465","1,032","2,497","1,329",41.9,43.9,"11,932",115,0,52,0,13,231,98,31,18,0,0,0,0,0,0,0,0,0,0,0,54,0,0,0,0,0,0,0,0,0,0,0,0,0,0,0,8,29,0,0,15,0,0,0,0,0,0,0,0,0,0,0,0,0,0,371,"2,930","3,246","1,294",657,119,48,187,"1,576","1,530",577,242,62,11,184,"1,354","1,716",717,415,57,37,"6,368","3,475","3,319","1,513","3,049","1,962",,,"$46,581",,"$10,719","$27,551","$40,092",0.39,104,255,124,233,121,9,31,12,41,536,160,141,185,$621
"Mercer County, Illinois","15,779",28.1,561.24,568.73,561.24,7.49,"7,972","7,807",435,386,581,327,648,805,958,991,"1,225",957,487,172,382,445,484,341,490,781,923,"1,049","1,164",935,537,276,817,831,"1,065",668,"1,138","1,586","1,881","2,040","2,389","1,892","1,024",448,"3,381","2,724","6,310","3,364","1,729","1,453","3,174","1,616","1,652","1,271","3,136","1,748",43.7,45.6,"15,082",79,0,52,0,124,442,360,0,12,0,0,0,0,0,0,0,0,0,27,0,0,0,0,0,0,0,0,0,16,0,8,2,0,0,0,0,0,32,0,0,0,0,0,0,0,0,0,0,0,0,4,14,0,0,0,842,"4,332","3,977","1,372",617,98,22,481,"2,334","1,791",592,316,71,10,361,"1,998","2,186",780,301,27,12,"7,690","5,071","3,985","2,430","3,705","2,641","$4,587",,"$34,687","$14,772","$13,948","$20,287","$31,562",0.4,132,284,393,257,92,11,54,7,43,673,303,211,150,$653
"Monroe County, Illinois","34,732",90.1,385.3,398.33,385.3,13.03,"17,258","17,474","1,043",958,"1,234",725,"1,258","1,880","2,321","2,224","2,756","1,806",730,323,906,955,"1,282",668,"1,086","1,853","2,303","2,369","2,751","1,768",959,574,"1,949","1,913","2,516","1,393","2,344","3,733","4,624","4,593","5,507","3,574","1,689",897,"7,771","6,077","14,724","6,160","3,960","3,138","7,301","2,859","3,811","2,939","7,423","3,301",42.1,42.5,"33,668",78,51,318,0,229,388,443,63,0,0,0,29,21,0,0,0,0,0,0,0,0,0,0,0,0,0,0,0,5,0,0,8,0,0,36,0,93,24,0,0,0,69,0,0,0,0,0,0,0,0,5,83,0,0,0,"1,155","6,299","8,042","5,683","2,753",378,307,615,"3,024","3,970","2,996","1,161",196,78,540,"3,275","4,072","2,687","1,592",182,229,"19,142","8,690","9,911","3,783","9,231","4,907","$51,837",,"$35,636","$30,159","$28,182","$29,719","$44,185",0.4,62,210,512,578,469,183,68,24,69,"1,098",643,296,69,$905
"Montgomery County, Illinois","28,482",40.5,703.76,709.73,703.76,5.97,"15,173","13,309",712,656,"1,048",509,"1,199","2,187","2,103","1,991","2,173","1,596",761,238,768,968,652,474,806,"1,377","1,477","1,624","2,072","1,547",959,585,"1,480","1,624","1,700",983,"2,005","3,564","3,580","3,615","4,245","3,143","1,720",823,"5,787","5,569","11,440","5,686","2,925","3,386","6,267","2,595","2,862","2,183","5,173","3,091",40.9,46,"26,687","1,121",24,100,0,149,401,305,120,7,6,0,0,0,0,2,5,0,0,0,0,0,0,0,0,0,0,0,0,0,0,73,16,0,0,0,0,33,26,0,0,0,12,0,0,0,0,0,13,0,0,0,0,0,0,0,"2,514","8,255","6,225","2,301","1,188",142,65,"1,520","4,632","3,276","1,105",403,71,42,994,"3,623","2,949","1,196",785,71,23,"11,874","11,443","6,232","6,347","5,642","5,096","$3,104","$28,650","$26,049","$3,117","$22,183","$7,146","$30,071",0.44,230,815,638,515,103,12,23,16,227,"1,091",656,294,472,$574
"Morgan County, Illinois","33,189",58.3,568.96,572.45,568.96,3.5,"16,687","16,502",846,847,852,558,"1,874","2,260","2,173","2,066","2,275","1,806",784,346,896,957,915,496,"1,814","1,847","1,685","1,813","2,438","1,926","1,022",693,"1,742","1,804","1,767","1,054","3,688","4,107","3,858","3,879","4,713","3,732","1,806","1,039","6,367","7,795","12,450","6,577","3,103","4,134","6,514","2,936","3,264","3,661","5,936","3,641",39.7,42.4,"29,452","2,119",79,241,2,259,"1,037",657,112,0,0,12,0,43,0,0,0,0,0,18,2,0,0,0,0,0,13,0,25,4,0,2,36,0,0,0,0,41,86,0,0,7,20,0,0,0,0,0,0,0,27,18,0,0,0,6,"2,451","8,991","6,816","3,331","1,159",275,111,"1,507","4,765","3,284","1,473",476,148,57,944,"4,226","3,532","1,858",683,127,54,"15,590","12,033","8,318","5,686","7,272","6,347","$18,118","$4,948","$21,305","$9,181","$8,097","$8,068","$32,320",0.44,255,"1,198",998,741,326,53,104,8,245,"1,852",960,565,346,$659
"Moultrie County, Illinois","14,634",43.6,335.96,344.5,335.96,8.54,"7,184","7,450",456,473,647,357,562,778,852,884,953,751,380,91,451,582,461,335,482,831,888,842,"1,063",810,452,253,907,"1,055","1,108",692,"1,044","1,609","1,740","1,726","2,016","1,561",832,344,"3,762","2,653","5,482","2,737","1,933","1,340","2,689","1,222","1,829","1,313","2,793","1,515",39.7,41.6,"14,167",145,8,26,0,28,260,118,5,14,0,0,0,0,0,0,0,0,32,0,0,0,0,0,0,0,14,0,0,54,0,0,0,0,0,0,0,18,0,0,0,0,4,0,0,0,0,0,4,0,0,0,0,0,0,0,"1,322","3,252","3,307","1,252",578,70,47,626,"1,718","1,612",459,202,63,9,696,"1,534","1,695",793,376,7,38,"7,087","4,296","4,087","1,433","3,000","2,863","$10,045","$20,025","$14,531",,"$17,265","$18,957","$32,619",0.41,41,303,276,323,45,40,33,55,137,601,220,153,120,$755
"Ogle County, Illinois","51,787",68.3,758.65,763.43,758.65,4.78,"25,810","25,977","1,471","1,401","1,967","1,135","2,082","2,913","3,103","3,434","3,853","2,726","1,195",530,"1,330","1,560","1,784","1,075","2,004","2,808","3,068","3,360","3,747","2,761","1,493",987,"2,801","2,961","3,751","2,210","4,086","5,721","6,171","6,794","7,600","5,487","2,688","1,517","11,723","9,807","20,565","9,692","5,974","4,995","10,390","4,451","5,749","4,812","10,175","5,241",41.4,42.9,"47,291",609,147,237,28,781,"2,694","4,796",190,76,0,0,73,0,0,0,25,0,0,0,0,0,0,0,6,0,0,0,106,103,0,115,5,0,0,0,50,2,32,0,0,2,84,0,0,0,0,0,0,0,0,19,37,0,3,3,"3,255","12,261","12,696","5,021","2,342",202,201,"1,907","6,405","5,833","2,481",920,115,93,"1,348","5,856","6,863","2,540","1,422",87,108,"26,340","15,277","14,217","6,325","12,123","8,952","$15,882","$23,754","$14,909","$24,934","$19,111","$19,285","$35,547",0.41,175,"1,236","1,160","1,340",838,320,196,0,456,"2,725","1,059",895,686,$746
"Peoria County, Illinois","182,439",294.9,618.7,630.25,618.7,11.55,"88,947","93,492","6,317","6,566","5,941","3,690","7,909","11,948","11,228","10,551","11,058","8,492","3,803","1,444","6,038","6,325","5,461","3,433","8,202","12,381","11,244","10,988","11,889","9,747","4,917","2,867","12,355","12,891","11,402","7,123","16,111","24,329","22,472","21,539","22,947","18,239","8,720","4,311","43,771","40,440","66,958","31,270","22,514","19,857","32,837","13,739","21,257","20,583","34,121","17,531",36.7,39.2,"129,973","32,177",328,"7,896",15,"2,976","9,074","6,223",847,75,0,73,310,336,20,46,133,0,33,7,5,77,51,0,2,185,17,0,114,92,0,647,"3,731",0,0,0,0,"1,233",671,0,0,196,410,2,0,14,0,0,509,0,83,3,788,0,90,166,"9,588","33,607","39,020","24,287","11,905","2,484","1,666","4,684","16,683","18,305","10,761","5,932","1,313",846,"4,904","16,924","20,715","13,526","5,973","1,171",820,"87,864","55,450","44,675","24,204","43,189","31,246","$20,906","$31,753","$56,479","$18,284","$13,297","$20,046","$40,183",0.49,"1,147","3,613","6,311","5,886","4,767","1,674",908,461,"1,118","11,532","5,008","6,017","2,207",$849
"Perry County, Illinois","21,158",47.9,441.93,447.02,441.93,5.1,"11,656","9,502",457,581,581,434,"1,137","1,826","1,734","1,562","1,560","1,087",438,259,594,600,505,355,650,"1,048","1,137","1,155","1,311","1,201",699,247,"1,051","1,181","1,086",789,"1,787","2,874","2,871","2,717","2,871","2,288","1,137",506,"4,107","4,661","8,459","3,931","2,053","2,963","4,856","1,784","2,054","1,698","3,603","2,147",39.8,44.3,"18,373","1,801",18,124,0,237,605,580,28,40,0,0,0,0,0,0,0,0,0,0,0,0,0,0,0,0,0,0,0,0,0,41,71,0,0,0,0,33,0,0,0,6,2,0,0,0,0,0,2,0,0,0,10,0,0,0,"2,500","5,654","5,333","1,250",417,25,85,"1,685","3,466","2,661",423,143,25,63,815,"2,188","2,672",827,274,0,22,"8,324","9,277","4,368","5,501","3,956","3,776","$3,923","$16,967","$17,606","$9,544","$7,764","$5,347","$29,338",0.43,139,639,618,125,30,60,36,0,143,662,411,364,460,$498
"Piatt County, Illinois","16,664",37.9,439.19,439.48,439.19,0.29,"8,222","8,442",474,602,422,358,611,895,"1,068","1,006","1,265",957,320,244,458,565,504,355,571,898,"1,041","1,013","1,308",968,563,198,932,"1,167",926,713,"1,182","1,793","2,109","2,019","2,573","1,925",883,442,"3,738","2,975","6,701","3,250","1,856","1,506","3,339","1,521","1,882","1,469","3,362","1,729",41.4,43.1,"16,062",107,17,5,0,43,430,118,54,0,0,0,0,3,0,0,7,0,0,0,0,0,0,0,0,0,0,0,45,11,0,6,0,0,0,0,0,2,0,0,0,1,2,0,0,0,0,0,0,0,0,0,0,0,0,0,740,"3,764","3,590","2,466",807,175,202,482,"1,983","1,551","1,193",336,47,163,258,"1,781","2,039","1,273",471,128,39,"8,732","4,574","4,650","1,896","4,082","2,678","$14,159","$27,700","$44,120",,"$25,267","$29,901","$37,205",0.4,15,153,193,315,183,58,73,39,91,530,167,223,143,$861
"Pike County, Illinois","14,923",18,831.35,848.82,831.35,17.47,"7,457","7,466",472,513,469,300,658,820,851,946,"1,028",841,318,241,445,402,533,268,478,849,855,874,"1,059",848,541,314,917,915,"1,002",568,"1,136","1,669","1,706","1,820","2,087","1,689",859,555,"3,402","2,805","5,613","3,103","1,754","1,478","2,825","1,400","1,648","1,327","2,788","1,703",40.2,43.7,"14,364",136,9,47,101,44,222,120,36,0,0,0,2,0,0,0,0,0,0,10,0,0,0,0,0,0,0,0,0,21,0,16,11,0,0,0,0,5,21,0,0,0,0,0,0,0,0,0,0,0,0,0,10,0,0,0,920,"4,290","3,350","1,289",385,112,39,513,"2,375","1,373",495,164,91,34,407,"1,915","1,977",794,221,21,5,"7,024","4,771","3,764","2,063","3,260","2,708","$4,813",,"$26,177","$8,875","$12,406","$10,932","$27,609",0.44,113,449,310,121,51,19,1,34,98,527,216,174,219,$568
"Pope County, Illinois","3,820",10.4,368.87,374.53,368.87,5.66,"1,811","2,009",34,99,82,9,121,131,219,258,331,297,164,66,145,64,161,99,101,146,172,287,382,293,103,56,179,163,243,108,222,277,391,545,713,590,267,122,693,499,"1,649",979,224,252,808,527,469,247,841,452,51.4,48.1,"3,438",120,132,14,0,0,116,91,0,0,0,0,0,0,0,0,0,0,0,0,0,0,0,0,0,0,0,0,0,0,0,0,0,0,0,0,0,0,8,0,0,1,0,0,0,0,0,0,0,0,0,0,5,0,0,0,316,"1,254",914,291,108,12,10,208,760,342,94,52,10,0,108,494,572,197,56,2,10,"1,297","1,884",609,978,688,906,,,"$39,864",,"$5,771",,"$24,950",0.44,68,65,15,13,3,0,0,0,25,40,38,20,103,$262
"Pulaski County, Illinois","5,279",26.5,199.27,203.04,199.27,3.77,"2,547","2,732",96,119,196,134,197,295,273,266,417,336,194,24,186,111,192,80,196,305,285,329,424,375,171,78,282,230,388,214,393,600,558,595,841,711,365,102,"1,114",993,"1,994","1,178",545,492,956,554,569,501,"1,038",624,42.9,45.4,"3,470","1,586",3,11,0,1,208,114,4,3,0,0,0,0,0,0,0,0,0,0,0,0,0,0,0,0,8,0,0,2,0,1,0,0,0,0,0,0,10,0,0,0,0,0,0,0,0,0,1,0,0,0,0,0,0,0,404,"1,507","1,306",325,128,92,10,191,843,582,84,39,56,10,213,664,724,241,89,36,0,"1,870","2,446",926,"1,183",944,"1,263","$16,738",,"$34,527",,"$11,451","$20,960","$25,542",0.46,74,164,77,69,17,4,2,0,44,184,64,91,71,$517
"Putnam County, Illinois","5,638",35.2,160.1,172.14,160.1,12.04,"2,865","2,773",147,134,184,129,196,303,303,359,481,404,183,42,178,99,167,115,177,289,305,330,456,379,193,85,325,233,351,244,373,592,608,689,937,783,376,127,"1,153",965,"2,234","1,286",594,499,"1,143",629,559,466,"1,091",657,45.9,47.6,"5,376",12,2,41,0,130,77,319,11,0,0,0,0,0,0,0,0,0,0,0,0,0,0,0,0,0,0,0,8,0,0,0,10,0,0,0,0,17,2,0,0,12,0,0,0,0,0,0,0,0,0,0,0,0,0,0,275,"1,632","1,384",500,236,42,43,179,872,666,236,74,8,40,96,760,718,264,162,34,3,"2,773","1,864","1,487",863,"1,286","1,001",,,"$25,473","$16,908","$18,353","$23,021","$34,246",0.38,18,112,140,79,18,8,12,7,20,202,75,90,47,$672
"Randolph County, Illinois","30,632",53.2,575.37,597.05,575.37,21.68,"17,311","13,321",772,815,973,582,"1,629","2,498","2,638","2,294","2,514","1,645",737,214,731,670,929,483,873,"1,390","1,537","1,612","1,956","1,626",841,673,"1,503","1,485","1,902","1,065","2,502","3,888","4,175","3,906","4,470","3,271","1,578",887,"5,955","6,390","12,551","5,736","3,142","4,127","7,446","2,596","2,813","2,263","5,105","3,140",40.1,45.3,"26,254","3,264",27,203,15,382,487,852,25,54,9,0,19,24,0,0,13,0,0,0,0,0,0,0,0,0,0,0,4,7,0,24,137,0,0,0,0,0,21,0,0,17,8,0,0,0,0,0,0,0,0,0,20,0,0,0,"3,309","8,519","7,422","1,639",974,189,123,"2,590","4,918","3,680",785,428,76,63,719,"3,601","3,742",854,546,113,60,"13,464","11,898","7,471","7,082","5,993","4,816","$8,805","$22,748","$28,281","$10,711","$12,897","$9,972","$31,168",0.41,207,587,960,542,211,10,84,9,330,"1,301",602,362,371,$643
"Richland County, Illinois","15,876",44.1,360.03,361.92,360.03,1.88,"7,834","8,042",531,430,603,324,600,902,936,937,"1,128",827,479,137,515,471,559,309,536,869,910,953,"1,156",869,636,259,"1,046",901,"1,162",633,"1,136","1,771","1,846","1,890","2,284","1,696","1,115",396,"3,742","2,907","6,020","3,207","1,888","1,502","3,001","1,443","1,854","1,405","3,019","1,764",40.8,43.4,"15,141",91,10,111,0,218,305,139,119,6,0,0,0,0,0,0,0,0,0,0,0,0,0,8,0,0,0,0,0,0,0,6,6,0,0,0,0,40,0,0,0,36,0,0,0,0,0,0,0,0,0,29,0,0,0,0,843,"3,434","4,588","1,469",560,78,26,435,"1,905","2,135",641,185,35,10,408,"1,529","2,453",828,375,43,16,"7,909","4,685","4,153","2,047","3,756","2,638","$5,938","$28,720","$27,548","$41,630","$10,563","$9,201","$29,491",0.41,89,576,391,246,73,16,5,17,78,785,284,240,293,$568
"Rock Island County, Illinois","144,694",338.5,427.5,451.29,427.5,23.8,"71,714","72,980","4,495","4,533","4,849","2,809","6,457","8,866","9,021","8,585","9,683","7,547","3,641","1,228","4,225","4,348","4,639","2,659","6,210","8,630","8,515","8,266","10,002","8,580","4,594","2,312","8,720","8,881","9,488","5,468","12,667","17,496","17,536","16,851","19,685","16,127","8,235","3,540","32,557","30,163","54,072","27,902","16,686","15,323","27,289","12,416","15,871","14,840","26,783","15,486",39,41.6,"111,548","15,864",410,"3,723",222,"4,869","8,058","16,796",750,181,10,0,193,166,31,26,51,0,0,0,53,50,22,0,203,0,79,0,246,38,0,351,785,0,0,"1,198",16,268,404,0,0,13,231,90,0,200,29,0,32,0,17,29,159,0,9,243,"10,918","29,460","35,646","14,972","6,627","1,140",707,"5,684","15,590","16,367","7,148","2,455",868,459,"5,234","13,870","19,279","7,824","4,172",272,248,"71,587","44,354","37,234","19,651","34,353","24,703","$16,761","$29,261","$21,675","$22,576","$18,547","$20,048","$37,079",0.44,"1,437","2,803","5,434","3,954","2,913",996,682,321,"1,267","8,464","4,146","4,124","1,566",$794
"St. Clair County, Illinois","258,597",393.2,657.74,673.89,657.74,16.16,"125,532","133,065","8,193","8,566","9,344","5,365","10,812","16,130","16,205","15,564","17,468","11,504","4,327","2,054","7,762","7,767","8,999","5,164","10,183","17,095","17,263","16,893","18,760","13,166","7,063","2,950","15,955","16,333","18,343","10,529","20,995","33,225","33,468","32,457","36,228","24,670","11,390","5,004","61,160","54,220","102,153","41,064","31,468","26,942","49,237","17,885","29,692","27,278","52,916","23,179",37.9,40.4,"161,899","75,455",358,"3,813",97,"3,915","13,060","7,019","1,335",312,70,91,163,235,0,52,209,0,0,22,0,52,0,0,54,0,9,0,630,164,0,831,922,21,0,0,0,560,"1,054",0,0,166,428,38,0,0,0,7,152,0,4,170,112,38,42,99,"13,631","48,222","62,306","30,619","17,587","2,449","1,628","6,259","23,413","29,190","13,957","8,515","1,156",762,"7,372","24,809","33,116","16,662","9,072","1,293",866,"131,949","72,142","66,826","30,843","65,123","41,299","$22,505","$35,487","$31,176","$23,866","$18,219","$23,740","$39,753",0.45,"1,775","3,441","5,918","7,592","6,387","3,635","2,182",990,"1,224","15,201","7,325","7,156","2,538",$947
"Saline County, Illinois","23,869",62.8,379.99,386.93,379.99,6.94,"11,712","12,157",742,530,885,511,805,"1,515","1,331","1,510","1,750","1,295",507,331,729,628,751,383,734,"1,586","1,391","1,492","1,869","1,401",726,467,"1,471","1,158","1,636",894,"1,539","3,101","2,722","3,002","3,619","2,696","1,233",798,"5,159","4,640","9,343","4,727","2,668","2,320","4,591","2,133","2,491","2,320","4,752","2,594",39.6,43.4,"22,145",648,20,160,48,78,770,291,83,0,0,0,5,31,0,0,0,0,0,0,0,0,0,0,0,0,0,0,0,0,0,11,0,0,0,0,0,118,0,0,0,0,27,0,0,0,0,0,0,0,0,0,15,0,0,0,"2,087","5,006","6,787","2,322",689,159,121,"1,188","2,575","2,936","1,081",278,134,47,899,"2,431","3,851","1,241",411,25,74,"10,803","8,528","5,491","3,859","5,312","4,669","$17,628",,"$14,532","$11,024","$17,881","$21,529","$31,649",0.5,343,534,560,424,160,10,11,143,183,855,483,596,426,$696
"Sangamon County, Illinois","196,759",226.6,868.26,877.01,868.26,8.76,"94,933","101,826","5,730","6,504","6,238","4,063","7,935","11,662","12,008","12,177","13,497","9,728","4,249","1,142","5,447","5,925","6,134","3,883","7,908","12,650","12,643","12,629","14,485","11,546","5,753","2,823","11,177","12,429","12,372","7,946","15,843","24,312","24,651","24,806","27,982","21,274","10,002","3,965","43,924","40,155","77,439","35,241","22,535","19,597","37,682","15,119","21,389","20,558","39,757","20,122",39.4,41.6,"158,534","25,084",171,"4,212",40,939,"7,779","2,797",825,149,15,19,24,13,79,0,0,0,0,30,64,177,6,0,11,0,66,0,76,164,0,264,"1,870",34,0,2,3,638,482,0,0,171,177,52,0,52,45,0,161,12,111,106,277,0,5,14,"9,898","37,873","42,677","28,247","13,093","3,721","1,483","5,209","18,152","19,538","12,957","5,691","2,157",759,"4,689","19,721","23,139","15,290","7,402","1,564",724,"98,485","59,474","49,600","25,566","48,885","33,908","$17,162","$24,503","$54,292","$24,172","$22,935","$31,920","$41,729",0.46,"1,018","2,737","6,296","6,510","4,686","1,692","1,186",477,"1,301","10,980","5,009","6,262","2,005",$886
"Schuyler County, Illinois","6,953",15.9,437.3,441.36,437.3,4.06,"3,803","3,150",185,111,232,111,234,406,456,622,638,518,243,47,74,103,263,131,189,313,350,403,501,435,255,133,259,214,495,242,423,719,806,"1,025","1,139",953,498,180,"1,210","1,142","2,970","1,631",639,640,"1,716",808,571,502,"1,254",823,47.6,49,"6,477",340,1,15,0,2,118,32,2,0,0,0,0,0,0,0,0,0,0,0,0,0,0,0,0,0,0,0,6,0,0,34,15,0,0,0,0,0,0,0,0,0,0,0,0,0,0,0,0,0,0,0,0,0,0,0,404,"2,052","1,940",626,218,27,53,315,"1,190",944,332,99,6,44,89,862,996,294,119,21,9,"3,180","2,701","1,614","1,581","1,566","1,120","$11,370",,,,"$4,908","$2,986","$30,104",0.4,0,104,143,183,67,2,0,9,40,337,81,50,49,$726
"Scott County, Illinois","4,923",19.6,250.79,252.65,250.79,1.86,"2,443","2,480",118,166,158,107,180,217,299,306,422,277,167,26,113,149,160,106,164,258,294,331,380,275,155,95,231,315,318,213,344,475,593,637,802,552,322,121,"1,077",819,"2,032",995,549,397,"1,027",470,528,422,"1,005",525,44.2,44.9,"4,737",12,9,42,16,2,105,20,0,0,0,0,0,0,0,0,0,0,0,0,0,0,0,0,0,0,0,0,0,0,0,0,25,0,0,0,0,0,12,0,0,5,0,0,0,0,0,0,0,0,0,0,0,0,0,0,210,"1,556",963,581,138,43,11,113,823,476,223,35,35,9,97,733,487,358,103,8,2,"2,453","1,548","1,307",672,"1,146",876,,,"$47,186",,"$20,699","$8,935","$31,122",0.4,69,80,60,37,8,0,10,0,40,130,54,24,90,$452
"Shelby County, Illinois","21,160",27.9,758.51,768.06,758.51,9.55,"10,440","10,720",564,644,702,413,723,"1,100","1,211","1,302","1,576","1,296",625,284,593,592,708,374,708,"1,101","1,161","1,299","1,617","1,410",736,421,"1,157","1,236","1,410",787,"1,431","2,201","2,372","2,601","3,193","2,706","1,361",705,"4,590","3,632","8,166","4,772","2,323","1,823","4,089","2,205","2,267","1,809","4,077","2,567",44.2,46.2,"20,648",73,18,74,27,27,293,110,18,3,0,0,0,0,79,0,0,0,0,0,0,8,0,0,0,0,0,0,0,1,0,23,0,0,0,0,0,3,36,0,0,0,0,1,0,0,0,0,30,0,0,4,0,0,0,0,"1,035","6,478","4,993","1,881",657,75,20,562,"3,311","2,481",765,235,33,7,473,"3,167","2,512","1,116",422,42,13,"10,478","6,643","5,457","2,982","5,021","3,661","$29,326","$12,844","$70,911","$17,270","$21,059","$30,883","$29,820",0.38,72,443,562,291,151,23,25,2,58,880,295,285,249,$637
"Stark County, Illinois","5,436",18.9,288.11,288.37,288.11,0.26,"2,692","2,744",135,136,177,115,206,280,310,335,422,337,207,32,140,180,161,114,196,260,282,375,391,348,178,119,275,316,338,229,402,540,592,710,813,685,385,151,"1,158",942,"2,115","1,221",563,486,"1,067",576,595,456,"1,048",645,44.8,46.2,"5,228",49,0,50,0,6,103,112,4,0,0,0,0,0,0,0,0,0,0,0,0,0,0,0,0,0,0,0,0,0,0,0,0,0,0,0,0,0,50,0,0,0,0,0,0,0,0,0,0,0,0,0,0,0,0,0,404,"1,515","1,201",548,170,32,6,192,877,533,226,78,12,5,212,638,668,322,92,20,1,"2,529","1,889","1,404",779,"1,125","1,110","$27,682",,"$31,120",,"$13,218","$16,284","$30,672",0.45,25,120,175,70,14,22,0,5,37,223,77,91,73,$619
"Stephenson County, Illinois","44,817",79.4,564.25,564.77,564.25,0.52,"21,975","22,842","1,320","1,264","1,388","1,078","1,651","2,333","2,332","2,739","3,358","2,700","1,292",520,"1,251","1,196","1,421",763,"1,664","2,146","2,306","2,991","3,254","3,147","1,703","1,000","2,571","2,460","2,809","1,841","3,315","4,479","4,638","5,730","6,612","5,847","2,995","1,520","9,681","7,794","16,980","10,362","5,050","3,984","8,429","4,512","4,631","3,810","8,551","5,850",43.8,47.7,"37,804","4,214",79,343,0,168,"2,209","1,420",329,23,0,0,0,0,0,0,0,0,0,17,0,12,11,0,77,0,0,0,60,0,0,0,54,0,0,0,0,167,60,9,0,19,25,9,0,0,0,0,0,0,0,0,0,0,0,0,"2,576","10,676","11,776","4,503","1,847",293,150,"1,424","5,268","5,474","2,042",750,218,98,"1,152","5,408","6,302","2,461","1,097",75,52,"21,991","14,344","11,353","6,234","10,638","8,110","$15,190","$21,070","$35,806","$19,701","$12,790","$16,059","$34,004",0.44,437,"1,347","1,773",906,431,10,148,119,351,"2,186","1,335","1,077",680,$722
"Tazewell County, Illinois","131,977",204.2,646.47,657.94,646.47,11.47,"65,184","66,793","3,810","4,298","4,466","2,740","4,882","7,878","8,923","8,370","8,878","6,652","3,123","1,164","3,590","4,584","4,041","2,568","4,625","7,616","8,417","8,303","9,330","7,441","4,080","2,198","7,400","8,882","8,507","5,308","9,507","15,494","17,340","16,673","18,208","14,093","7,203","3,362","30,097","25,001","52,221","24,658","15,314","12,760","26,171","10,939","14,783","12,241","26,050","13,719",40.6,42.3,"125,466","1,762",121,"1,375",62,420,"2,771","2,435",147,0,7,44,139,31,32,8,0,0,0,0,0,64,0,0,17,0,0,0,84,61,0,189,220,0,0,0,0,283,236,0,0,68,217,0,3,0,0,0,0,0,0,0,184,0,75,89,"6,260","28,037","32,519","17,543","6,371","1,059",584,"3,180","14,528","14,941","8,546","2,880",669,244,"3,080","13,509","17,578","8,997","3,491",390,340,"64,768","40,640","34,101","17,803","30,667","22,837","$16,301","$6,061","$26,553","$23,419","$29,480","$22,611","$36,392",0.42,743,"2,097","3,045","2,530","1,960",626,366,439,889,"5,850","2,382","2,449","1,081",$830
"Union County, Illinois","17,259",41.7,413.41,422.11,413.41,8.7,"8,724","8,535",455,443,667,384,612,"1,017","1,000","1,155","1,274",994,487,236,475,356,587,301,564,965,994,"1,118","1,255","1,037",602,281,930,799,"1,254",685,"1,176","1,982","1,994","2,273","2,529","2,031","1,089",517,"3,668","3,158","6,796","3,637","1,949","1,629","3,429","1,717","1,719","1,529","3,367","1,920",42.2,45.2,"16,150",234,45,53,26,41,710,853,5,0,0,0,0,0,0,0,0,0,0,0,0,0,0,0,3,0,0,0,56,13,0,1,0,0,0,0,0,12,8,0,0,21,7,0,0,0,0,0,0,0,0,0,5,0,0,0,"1,337","4,382","3,878","1,969",590,153,106,740,"2,380","1,750",923,246,62,62,597,"2,002","2,128","1,046",344,91,44,"7,394","6,690","3,961","3,067","3,433","3,623","$5,276","$19,767","$11,240","$12,090","$22,160","$14,304","$29,689",0.46,254,242,311,249,125,3,9,0,105,506,317,209,301,$517
"Vermilion County, Illinois","74,953",83.4,898.32,901.23,898.32,2.91,"37,518","37,435","2,442","2,543","2,626","1,457","3,266","4,447","4,684","4,331","5,209","3,933","1,958",622,"2,224","2,220","2,855","1,399","2,764","4,170","4,323","4,317","5,256","4,447","2,389","1,071","4,666","4,763","5,481","2,856","6,030","8,617","9,007","8,648","10,465","8,380","4,347","1,693","17,766","14,647","28,120","14,420","9,068","7,713","14,224","6,513","8,698","6,934","13,896","7,907",39.2,42,"60,737","10,764",75,701,20,441,"2,215","3,270",135,90,14,0,82,0,0,19,0,0,0,0,3,6,0,0,6,0,7,0,169,93,0,74,260,0,0,0,0,116,96,0,7,14,38,0,0,0,0,0,0,0,1,0,62,0,2,105,"4,997","21,002","16,808","5,424","2,362",435,129,"2,878","10,875","7,523","2,616",907,305,80,"2,119","10,127","9,285","2,808","1,455",130,49,"32,522","26,377","16,738","12,645","15,784","13,732","$14,801","$2,357","$35,272","$19,941","$23,814","$13,895","$29,403",0.44,722,"1,777","2,554","1,989",897,144,68,55,476,"4,406","1,402","1,734",671,$690
"Wabash County, Illinois","11,414",51.1,223.32,227.56,223.32,4.24,"5,658","5,756",359,278,485,220,373,669,663,661,861,669,316,104,302,321,400,186,384,606,630,734,884,679,321,309,661,599,885,406,757,"1,275","1,293","1,395","1,745","1,348",637,413,"2,551","2,032","4,433","2,398","1,342","1,042","2,185","1,089","1,209",990,"2,248","1,309",41.5,45.9,"10,856",10,1,187,0,26,334,212,16,0,0,0,23,2,0,0,0,0,0,0,0,0,0,0,0,0,0,0,0,0,0,6,60,0,0,0,0,17,21,0,0,0,77,0,0,0,0,0,0,0,0,0,12,0,0,0,658,"2,693","3,255",921,512,50,17,344,"1,297","1,463",534,244,50,11,314,"1,396","1,792",387,268,0,6,"5,426","3,710","2,908","1,523","2,518","2,187","$11,930",,"$29,183",,"$13,122","$31,390","$30,139",0.45,67,279,184,94,113,22,0,74,44,468,83,230,151,$817
"Warren County, Illinois","16,887",31.1,542.38,543.03,542.38,0.65,"8,329","8,558",434,612,549,302,"1,113",850,858,"1,018","1,139",887,416,151,456,404,548,375,"1,081",803,948,993,"1,215",914,563,258,890,"1,016","1,097",677,"2,194","1,653","1,806","2,011","2,354","1,801",979,409,"3,680","3,847","6,171","3,189","1,897","1,963","3,015","1,454","1,783","1,884","3,156","1,735",37.8,41.2,"14,705",653,205,252,49,749,274,"1,425",28,13,0,0,32,0,12,0,14,0,0,2,13,0,0,0,27,0,0,0,0,0,0,120,10,0,0,154,15,26,0,0,0,7,29,0,11,0,0,0,0,0,0,0,0,0,0,0,"1,335","3,719","3,493","1,676",575,93,122,652,"2,005","1,728",591,196,71,76,683,"1,714","1,765","1,085",379,22,46,"8,425","5,203","4,368","2,356","4,057","2,847","$19,474","$15,799","$16,981","$16,689","$15,041","$14,020","$32,115",0.41,80,507,408,276,36,49,26,5,162,742,282,199,191,$594
"Washington County, Illinois","13,827",24.6,562.6,563.9,562.6,1.31,"6,936","6,891",373,443,359,293,487,780,842,890,"1,121",813,403,132,362,495,311,290,433,773,799,841,"1,064",817,529,177,735,938,670,583,920,"1,553","1,641","1,731","2,185","1,630",932,309,"2,926","2,473","5,557","2,871","1,468","1,267","2,853","1,348","1,458","1,206","2,704","1,523",43.8,44.7,"13,383",124,2,120,5,8,185,140,28,24,0,0,0,0,0,0,0,0,0,0,0,0,0,0,0,0,0,0,11,0,0,2,0,0,0,0,0,21,6,0,0,0,73,0,0,0,0,0,0,0,0,20,0,0,0,0,785,"3,307","3,636","1,430",698,78,47,403,"1,857","1,793",590,273,41,24,382,"1,450","1,843",840,425,37,23,"7,212","4,085","3,851","1,820","3,361","2,265","$18,422",,"$49,361",,"$11,189","$28,682","$34,826",0.4,48,195,293,160,80,3,8,2,70,428,201,88,246,$545
"Wayne County, Illinois","16,250",22.8,713.83,715.46,713.83,1.63,"8,083","8,167",486,439,636,324,628,915,912,969,"1,183",918,445,228,508,477,533,300,517,917,908,954,"1,203",973,568,309,994,916,"1,169",624,"1,145","1,832","1,820","1,923","2,386","1,891","1,013",537,"3,703","2,977","6,129","3,441","1,885","1,543","3,064","1,591","1,818","1,434","3,065","1,850",42.5,44.4,"15,685",183,14,51,0,199,118,57,35,0,58,0,0,103,0,9,0,0,0,0,0,0,0,0,0,0,0,0,0,0,0,1,0,0,0,0,0,5,30,0,0,0,0,0,0,0,0,0,0,0,0,12,0,0,0,4,"1,438","3,967","4,261","1,177",417,130,12,807,"2,204","1,896",458,101,95,9,631,"1,763","2,365",719,316,35,3,"7,319","5,648","4,052","2,361","3,267","3,287","$8,992",,"$12,118","$6,927","$21,686","$6,776","$27,923",0.42,137,490,381,187,56,2,2,20,139,592,324,183,278,$528
"White County, Illinois","13,959",28.2,494.98,501.87,494.98,6.89,"6,892","7,067",415,482,411,255,469,809,809,831,"1,062",778,388,183,335,498,402,283,421,781,826,821,"1,063",847,534,256,750,980,813,538,890,"1,590","1,635","1,652","2,125","1,625",922,439,"3,081","2,480","5,412","2,986","1,563","1,278","2,702","1,349","1,518","1,202","2,710","1,637",42.6,44.9,"13,516",105,17,76,2,71,172,166,24,10,0,0,0,0,0,3,0,0,0,0,0,5,0,0,0,0,0,0,0,5,0,7,40,0,0,0,0,29,7,0,0,0,0,0,0,0,0,0,0,0,0,0,0,0,0,0,"1,030","3,407","3,932","1,067",357,125,70,606,"1,680","1,842",498,103,81,50,424,"1,727","2,090",569,254,44,20,"6,385","4,853","3,303","2,206","3,082","2,647","$22,615",,"$50,624",,"$18,754","$6,832","$28,521",0.43,131,331,365,160,123,7,0,0,60,679,147,193,240,$550
"Whiteside County, Illinois","55,932",81.8,684.1,696.41,684.1,12.31,"28,065","27,867","1,722","1,739","1,909","1,153","2,184","3,117","3,119","3,655","4,156","3,208","1,389",714,"1,393","1,431","1,997","1,054","2,056","2,981","3,118","3,471","4,148","3,371","1,870",977,"3,115","3,170","3,906","2,207","4,240","6,098","6,237","7,126","8,304","6,579","3,259","1,691","12,398","10,338","21,667","11,529","6,523","5,301","10,930","5,311","5,875","5,037","10,737","6,218",41.8,44.8,"51,386",589,75,339,67,866,"2,610","5,481",872,84,0,0,91,0,0,0,0,0,27,0,0,3,0,0,0,0,0,0,82,25,0,299,98,0,0,0,0,43,156,0,0,0,8,26,0,0,0,0,0,0,0,1,0,0,0,7,"3,399","14,889","13,608","4,562","2,355",385,96,"1,633","7,964","6,498","1,989","1,003",206,65,"1,766","6,925","7,110","2,573","1,352",179,31,"27,845","17,226","14,945","7,420","12,900","9,806","$25,230","$37,824","$28,625","$31,402","$15,388","$21,091","$34,558",0.43,255,"1,214","1,750","1,207",711,77,150,90,382,"2,488","1,402","1,056",634,$739
"Will County, Illinois","696,403",833.1,835.88,849.22,835.88,13.35,"347,369","349,034","20,068","22,386","28,090","17,417","32,972","41,531","46,944","51,625","44,810","27,187","10,985","3,354","19,551","21,495","26,852","16,567","30,416","40,327","47,557","51,319","44,666","29,904","14,164","6,216","39,619","43,881","54,942","33,984","63,388","81,858","94,501","102,944","89,476","57,091","25,149","9,570","172,426","145,246","286,921","91,810","87,961","74,503","143,379","41,526","84,465","70,743","143,542","50,284",37.4,39.2,"487,812","79,621","2,948","39,763",140,"43,346","42,773","105,266","8,223","1,197",304,312,"1,441",470,202,143,619,0,128,0,127,708,843,44,478,30,477,0,"2,217","1,147",5,"1,921","17,587",320,0,72,64,"3,701","8,632",29,48,221,"1,557",276,19,167,187,0,"2,823",311,205,371,"1,313",409,458,993,"39,246","119,617","138,820","103,790","46,819","7,052","5,245","20,806","61,617","67,456","50,156","20,103","3,567","2,731","18,440","58,000","71,364","53,634","26,716","3,485","2,514","375,919","170,148","200,030","70,258","175,889","99,890","$31,846","$25,669","$48,888","$22,803","$24,251","$24,441","$46,734",0.41,"1,161","1,801","2,733","6,608","8,884","5,961","8,651","5,066","1,700","18,079","10,171","9,918","3,522","$1,268"
"Williamson County, Illinois","67,271",160.1,420.21,444.33,420.21,24.12,"33,700","33,571","2,016","2,285","2,127","1,231","2,223","4,601","4,545","4,415","4,543","3,558","1,721",435,"1,816","1,908","2,205","1,185","2,325","4,068","4,308","4,088","4,710","3,901","2,102",955,"3,832","4,193","4,332","2,416","4,548","8,669","8,853","8,503","9,253","7,459","3,823","1,390","14,773","13,217","26,609","12,672","7,659","6,824","13,503","5,714","7,114","6,393","13,106","6,958",40.2,41.8,"60,606","2,717",151,887,0,676,"2,234","1,418",117,19,0,3,54,41,80,3,12,0,0,0,0,0,0,0,0,0,0,0,41,2,0,68,149,0,0,0,0,184,124,0,64,27,6,0,0,0,0,0,16,32,16,0,263,0,6,0,"3,506","14,301","17,379","7,746","3,544",800,674,"2,099","7,286","8,303","3,909","1,303",477,441,"1,407","7,015","9,076","3,837","2,241",323,233,"31,368","22,776","16,278","10,652","15,090","12,124","$23,735","$13,528","$36,724","$15,760","$16,490","$17,565","$32,589",0.45,636,"1,590","1,610","1,658","1,042",456,137,166,399,"3,311","2,112","1,360",757,$747
"Winnebago County, Illinois","285,471",556.4,513.05,519.18,513.05,6.13,"140,109","145,362","9,154","9,120","10,229","6,050","11,879","17,487","16,590","17,992","19,222","14,019","6,143","2,224","8,683","8,798","9,558","5,816","11,712","18,111","17,214","18,102","19,819","15,591","6,916","5,042","17,837","17,918","19,787","11,866","23,591","35,598","33,804","36,094","39,041","29,610","13,059","7,266","67,408","59,189","108,939","49,935","34,553","29,366","53,804","22,386","32,855","29,823","55,135","27,549",38.8,40.4,"212,858","37,961",738,"8,068",101,"8,582","17,163","32,222","2,442",625,122,0,706,118,73,0,146,0,93,0,20,121,274,0,59,0,197,0,705,54,0,650,"1,684",51,0,472,14,852,"1,695",20,33,93,293,"1,032",8,211,0,0,319,59,53,62,496,20,116,485,"22,994","60,897","65,354","29,159","11,982","2,885","1,201","11,860","30,020","30,327","13,914","5,009","1,823",724,"11,134","30,877","35,027","15,245","6,973","1,062",477,"142,483","83,376","74,463","35,098","68,020","48,278","$19,751","$23,816","$38,714","$22,204","$13,515","$17,848","$36,442",0.45,"1,890","4,992","8,804","8,468","7,506","3,398","1,831",733,"1,704","17,471","8,467","9,206","2,533",$879
"Woodford County, Illinois","38,571",73.1,527.56,542.95,527.56,15.39,"19,271","19,300","1,203","1,482","1,267",884,"1,642","2,022","2,426","2,438","2,739","1,968",873,327,"1,062","1,384","1,274",818,"1,608","1,949","2,465","2,327","2,732","1,947","1,068",666,"2,265","2,866","2,541","1,702","3,250","3,971","4,891","4,765","5,471","3,915","1,941",993,"9,374","7,221","15,127","6,849","4,836","3,664","7,603","3,168","4,538","3,557","7,524","3,681",39.1,40.6,"37,166",289,16,168,0,253,679,572,15,11,0,44,0,0,0,0,30,0,0,0,0,0,0,0,6,0,0,0,0,29,0,24,7,0,0,0,53,43,31,0,0,0,29,0,0,0,0,0,4,0,0,1,0,0,0,0,"1,484","7,280","8,124","5,728","2,655",322,354,983,"3,813","3,797","2,835","1,019",221,125,501,"3,467","4,327","2,893","1,636",101,229,"19,310","11,061","10,320","4,724","8,990","6,337","$29,197","$13,319","$8,642","$36,227","$26,810","$33,800","$38,948",0.42,88,405,571,572,653,131,81,0,123,"1,214",654,478,284,$799
